,0,1,2,3,4,5,6,7,8,9,10,11,12,13,14,15,16,17,18,19,20,21,22,23,24,25,26,27,28,29,30,31,32,33,34,35,36,37,38,39,40,41,42,43,44,45,46,47,48,49,50,51,52,53,54,55,56,57,58,59,60,61,62,63,64,65,66,67,68,69,70,71,72,73,74,75,76,77,78,79,80,81,82,83,84,85,86,87,88,89,90,91,92,93,94,95,96,97,98,99
0,cave,available,korea,kindness,hateful,sour,traditional,hidden,reasonable,atmosphere,unconvincing,perfect,dirty,unique,sensuous,worth,unhelpful,opposite,happy,illogical,generous,yogi,luxurious,central,korean,distinctive,absolute,impossible,underdeveloped,scared,yellowish,new,north,active,cute,modern,unkind,expensive,botanical,sick,human,mental,dangerous,friendly,payable,ostentatious,democratic,good,cheap,rubbish,insight,cultural,ambiguous,christian,rude,wrong,guide,outer,eligible,difficult,arable,expressionless,octagonal,peaceful,utensils,selectable,clogged,artisanal,much,unsanitary,awe,accessible,irritating,glory,cognitive,quiet,slat,vicious,different,nonprofit,authoritarian,arranged,improbable,same,FALSE,favorite,handsome,relic,sleepy,shopaholic,endocrine,colonial,samurai,great,odorless,provincial,strategic,national,ordinary,bilingual
1,ancient,uninvited,chinese,respectful,inflammatory,bitter,orthodox,invincible,sincere,busy,sloppy,neat,rusty,diverse,sexual,shy,,shallow,excited,ridiculous,satisfied,oriental,ultra,remote,japanese,famous,god,thinkable,absent,upset,greenish,regular,south,aggressive,adorable,reverent,unfriendly,burdensome,blossom,lazy,dense,stress,safe,chatty,,flamboyant,legal,comfortable,convenient,tasteless,informative,religious,simple,islamic,ignorant,bad,comprehensive,outermost,restricted,important,,solemn,circular,harmonious,antique,bidirectional,empty,artisan,hard,,thrill,inaccessible,funny,splendor,tactile,sleep,,brutal,unusual,,communist,authorized,strange,ordinary,fabricated,exciting,beautiful,archaeological,cozy,,digestive,feudal,,excellent,,internal,financial,foreign,secret,social
2,medieval,designated,indian,respect,,acrimonious,conventional,silent,satisfactory,noisy,poor,titanic,cleanest,advanced,feminine,alone,,noise,glad,unreasonable,aware,martial,elegant,eastern,english,iconic,precious,inevitable,useless,tired,discolored,free,east,careful,caring,historical,unpleasant,complicated,springtime,bored,oldfashioned,emotional,illegal,polite,,extravagant,military,mixed,easy,pathetic,topical,pious,blunt,muslim,malicious,disappointing,detailed,,paid,successful,,teary,cylindrical,happiness,china,axial,crowded,,rich,,adrenaline,reachable,interesting,stillness,auditory,unkempt,,harsh,unfamiliar,,anticommunist,requested,mysterious,national,fake,comic,sweet,excavated,relaxed,,circulatory,imperial,,awesome,,organizational,medical,global,general,university
3,prehistoric,anonymous,asian,appreciate,,,unconventional,invisible,proper,calm,poorly,sublime,crooked,complex,unclothed,limp,,positional,grateful,vague,enjoyed,buddhist,stylish,rural,british,recognizable,infinite,inexplicable,nonexistent,embarrassed,reddish,grand,west,conscious,warmhearted,artistic,nasty,outdated,garden,stupid,pure,physical,addictive,gentle,,,civil,narrow,suitable,shameful,commentary,protestant,real,allah,unkindness,regrettable,snapshot,,guaranteed,sensitive,,somber,threaded,harmony,handcrafted,,overflow,,popular,,frenzy,impassable,annoying,charm,somatic,sullen,,abusive,exotic,,,,unsavory,possible,incorrect,fun,lovely,artifact,pleasant,,,dynastic,,amazing,,administrative,technical,intercontinental,basic,sanitary
4,olden,unmanaged,african,gratitude,,,customary,forgotten,transparent,loud,shabby,impressive,stinky,unified,sensual,,,hydrologic,thankful,absurd,interested,incense,fashionable,southern,russian,immortalized,divine,imaginable,unorganized,uncomfortable,,historic,southeast,smart,neurotic,conceptual,itchy,bulky,blooming,fool,changeable,tiredness,unregulated,sarcastic,,,economic,strong,hygienic,inappropriate,insightful,holy,TRUE,islam,unscrupulous,terrible,summary,,pecuniary,urgent,,tearful,curved,peace,decor,,packed,,fast,,disappointment,unavailable,incongruous,,nonverbal,wandering,,underworld,familiar,,,,surreal,personal,misleading,colorful,romantic,,restful,,,aristocratic,,unparalleled,,departmental,operational,domestic,local,industrial
5,paleolithic,mandatory,asia,praise,,,nonmainstream,unseen,doable,messy,decent,incomparable,sweat,dynamic,naked,,,unmarked,proud,grandiose,confident,lotus,sleek,northern,european,,inner,arbitrary,invalid,angry,,entire,northeast,restrained,lovable,contemporary,sticky,confusing,azaleas,hungry,repetitive,psychological,risky,energetic,,,presidential,soft,affordable,unacceptable,topic,spiritual,accurate,koran,greedy,guilty,extensive,,exempt,key,,sorrowful,movable,friendship,handmade,,overflowing,,plentiful,,emotion,,ungainly,,sensory,solitary,,wicked,unexpected,,,,curious,environmental,,satisfying,graceful,,tranquil,,,,,fantastic,,,automotive,international,living,educational
6,primitive,specific,japan,,,,mainstream,exist,fair,hectic,stingy,magical,stained,sophisticated,nude,,,atmospheric,blessed,elaborate,knowledgeable,monk,flashy,western,french,,cannot,unavoidable,wasteful,disappointed,,fresh,,frugal,childlike,aesthetic,troublesome,cumbersome,forsythia,shouting,lightness,behavioral,reckless,humble,,,political,solid,attractive,trashy,witty,sacred,clear,jewish,arrogant,regret,meticulous,,reserved,meaningful,,,dimensional,,stationery,,,,quick,,excitement,,awkward,,,lonely,,violent,identical,,,,wild,own,,humorous,gorgeous,,serene,,,,,wonderful,,,aid,regional,average,agricultural
7,neolithic,optional,india,,,,nontraditional,isolated,sufficient,chaotic,uneven,spectacular,squeaky,dedicated,erotic,,,pattern,lucky,frivolous,encouraging,shamanistic,chic,neighboring,american,,cherish,opaque,unreliable,surprised,,joint,,mature,cuteness,classic,unwelcome,inconvenient,ornamental,mad,spatial,,contagious,conversational,,,intellectual,tight,ideal,disgraceful,thoughtful,ritual,genuine,,dishonest,rotten,thorough,,preferential,powerful,,,beams,,jewelry,,,,slow,,,,reminiscent,,,carefree,,coercive,rare,,,,bizarre,fixed,,joyful,charming,,relaxing,,,,,unbelievable,,,capital,overseas,normal,farming
8,dinosaurs,preferred,mexican,,,,,unrecognized,appropriate,orderly,serviceable,magnificent,uncleaned,specialized,,,,parallel,fortunate,unnecessary,welcome,hanok,futuristic,southeastern,german,,united,impenetrable,questionable,annoyed,,spring,,agressive,loving,literary,ugly,intrusive,blossoms,drunk,nature,,unpopular,smiley,,,civilian,flat,antibacterial,disgusting,frank,nonreligious,logic,,childish,needless,outline,,allocated,relevant,,,springy,,furniture,,,,usual,,,,clumsy,,,deserted,,enemy,unknown,,,,shady,secret,,memorable,glamorous,,picturesque,,,,,extraordinary,,,,multinational,patient,technological
9,dinosaur,minimum,america,,,,,unaltered,rational,tangled,pitiful,splendid,mud,integrated,,,,inline,pleased,merit,liked,goblin,wearable,mountainous,italian,,filial,incomprehensible,misdirected,nervous,,original,,skillful,loveable,intimate,,cluttered,floral,jealous,threedimensional,,contaminated,courteous,,,constitutional,rough,reliable,shameless,,communal,exact,,cynical,unfortunate,exhaustive,,subsidized,valuable,,,horizontal,,tableware,,,,nowhere,,,,unenjoyable,,,lonesome,,notorious,irregular,,,,spooky,such,,vibrant,prettiest,,leisurely,,,,,incredible,,,,worldwide,private,ecological
10,herbivorous,forbidden,africa,,,,,extinct,realistic,congested,lousy,majestic,smelly,innovative,,,,observatory,ecstatic,unfair,impressed,buddha,lightweight,coastal,london,,faithful,untenable,dependent,irritated,,mini,,consistent,,authentic,,burdened,barley,envious,delicate,,uncontrollable,approachable,,,independence,healthy,functional,discriminatory,,patriotic,correct,,highhanded,sorry,indepth,,furnished,useful,,,contour,,pottery,,,,abundant,,,,fitting,,,claustrophobic,,hostile,unorthodox,,,,ingenious,general,,refreshing,prettier,,rustic,,,,,tremendous,,,,continental,public,eco
11,,onsite,australia,,,,,bankrupt,honest,disorderly,indifferent,eyecatching,,centralized,,,,boundary,,plausible,enthusiastic,fairy,retro,northeastern,germany,,heavenly,unimaginable,meaningless,afraid,,preliminary,,disciplined,,nostalgic,,costly,potted,mistaken,subtle,,unstable,cheerful,,,ideological,weak,inexpensive,obscene,,ancestral,fundamental,,insensitive,devastated,overview,,exorbitant,beneficial,,,hemispherical,,,,,,distant,,,,ironic,,,depressed,,radical,odd,,,,creepy,rental,,enjoyable,photogenic,,lush,,,,,outstanding,,,,,current,hightech
12,,required,,,,,,unaffected,agreeable,stressful,unsatisfactory,exquisite,,intensive,,,,signal,,exaggerated,appreciative,zen,funky,northwestern,spanish,,flesh,unknowable,lacking,impatient,,special,,passive,,melancholic,,pricey,lucerne,forgetful,distinct,,destructive,attentive,,,diplomatic,positive,economical,tacky,,ethnic,undeniable,,petty,unspeakable,detail,,taxable,helpful,,,symmetrical,,,,,,tiring,,,,instructive,,,moody,,oppressive,uncommon,,,,alien,basic,,fascinating,enchanting,,scenery,,,,,immense,,,,,commercial,maternal
13,,standard,,,,,,unvisited,humane,tense,porous,glorious,,synergy,,,,measurement,,contradictory,supportive,shaman,multifunctional,coast,canadian,,beloved,unanswerable,overrated,unhappy,,official,,responsive,,modernist,,,botanic,innocent,multilayered,,unsafe,playful,,,liberal,thin,usable,,,catholic,authoritative,,biased,miserable,,,exchangeable,necessary,,,geometric,,,,,,scattered,,,,clever,,,nocturnal,,barbaric,obscure,,,,fishy,local,,joyous,regal,,relax,,,,,indescribable,,,,,independent,
14,,applicable,,,,,,disappear,competent,frantic,inexperienced,monumental,,heterogeneous,,,,interval,,silly,hopeful,hangul,polished,,europe,,enlightenment,labyrinthine,skewed,accustomed,,symbolic,,watchful,,poetic,,,lawns,habitual,healing,,unfit,geeky,,,moral,challenging,effective,,,missionary,systematic,,corrupt,unlucky,,,excluded,indispensable,,,oval,,,,,,plenty,,,,comical,,,,,rebellious,noteworthy,,,,grotesque,living,,loved,dreamy,,,,,,,phenomenal,,,,,main,
15,,specified,,,,,,undiscovered,workable,raucous,inferior,brilliant,,streamlined,,,,static,,foolish,passionate,sakura,unobtrusive,,irish,,earthly,unbearably,glorified,worried,,undergoing,,focused,,gothic,,,timothy,alcoholic,unchanging,,,talkative,,,legislative,steep,lowcost,,,prayer,reading,,impulsive,hideous,,,taxfree,essential,,,trapezoidal,,,,,,evident,,,,,,,,,killer,auspicious,,,,surrealistic,average,,thrilling,sexy,,,,,,,exceptional,,,,,common,
16,,strict,,,,,,unclosed,manageable,feverish,unimpressive,unforgettable,,intuitive,,,,openhole,,diversionary,welcoming,warrior,classy,,uk,,collective,capricious,unattractive,dazed,,commemorative,,intelligent,,sentimental,,,iris,fond,genic,,,communicative,,,criminal,dominant,optimal,,,multicultural,understanding,,coldhearted,frustrating,,,,timely,,,elliptical,,,,,,prevalent,,,,,,,,,bloody,abnormal,,,,wacky,social,,exuberant,airy,,,,,,,unrivaled,,,,,corporate,
17,,prearranged,,,,,,unnoticed,desired,unruly,lethargic,dazzling,,revolutionized,,,,lefthand,,bombastic,skeptical,dragon,versatile,,brazilian,,eternal,,indistinguishable,unsure,,surrounding,,coolheaded,,anthropological,,,sorghum,obsessive,elastic,,,youthful,,,journalistic,fierce,sustainable,,,vegetarian,comparative,,thoughtless,regretful,,,,worthwhile,,,triangular,,,,,,predictable,,,,,,,,,cruel,atypical,,,,voyeuristic,normal,,creative,earthy,,,,,,,,,,,,mediumsized,
18,,regardless,,,,,,,dignified,untidy,mediocre,irresistible,,progressive,,,,sub,,hasty,sympathetic,hanji,foldable,,arabic,,empire,,corrupted,relieved,,prebooked,,balanced,,contemplative,,,orchard,distracted,expressive,,,boyish,,,congressional,bumpy,superior,,,evangelical,numerical,,chivalrous,horrible,,,,crucial,,,hexagonal,,,,,,intense,,,,,,,,,fratricidal,,,,,eccentric,patient,,bearable,beauty,,,,,,,,,,,,properly,
19,,reservable,,,,,,,inclusive,,substandard,stunning,,flexible,,,,wellplaced,,superficial,optimistic,banyan,,,australian,,faraway,,wasted,anxious,,festival,,crafty,,literature,,,pansy,jest,characteristic,,,tactful,,,governmental,competitive,alternative,,,pilgrim,readable,,judgmental,forgive,,,,capable,,,symmetric,,,,,,sparse,,,,,,,,,murderous,,,,,infamous,private,,rewarding,,,,,,,,,,,,,same,
20,,thirdparty,,,,,,,commendable,,,richly,,diversified,,,,sight,,gimmicky,appreciated,ox,,,italy,,inalienable,,uncoordinated,confused,,postcard,,cautious,,bohemian,,,,impressionable,homophonic,,,aloof,,,propaganda,rocky,efficient,,,cardinal,contrary,,neanderthal,avoidable,,,,prerequisite,,,fig.,,,,,,faster,,,,,,,,,evil,,,,,quirky,public,,imaginative,,,,,,,,,,,,,residential,
21,,valid,,,,,,,sensible,,,marvelous,,collaborative,,,,vertical,,provocative,,,,,,,noble,,insufficient,frustrated,,threeweek,,opportunistic,,chronological,,,,overly,pathological,,,,,,academic,sharp,highquality,,,worship,reflective,,materialistic,awful,,,,fruitful,,,angular,,,,,,scarce,,,,,,,,,,,,,,perverse,strategic,,lively,,,,,,,,,,,,,comparable,
22,,voluntary,,,,,,,practical,,,remarkable,,holistic,,,,rotary,,ungrounded,,,,,,,universal,,incomplete,concerned,,openair,,,,timeless,,,,hysterical,reflex,,,,,,parliamentary,favorable,ultralow,,,indigenous,understandable,,altruistic,wretched,,,,momentous,,,shaped,,,,,,strenuous,,,,,,,,,,,,,,brazen,current,,catchy,,,,,,,,,,,,,particular,
23,,prohibited,,,,,,,adequate,,,sensational,,globalized,,,,biologic,,hyperbolic,,,,,,,worthy,,worthless,dissatisfied,,autumn,,,,culinary,,,,dumb,antiseptic,,,,,,investigative,stiff,costeffective,,,gay,explanatory,,patronizing,shame,,,,critical,,,conical,,,,,,better,,,,,,,,,,,,,,supernatural,foreign,,funniest,,,,,,,,,,,,,external,
24,,predetermined,,,,,,,tolerable,,,fabulous,,niche,,,,volcanic,,preposterous,,,,,,,brave,,,numb,,seasonal,,,,modernistic,,,,picky,interstitial,,,,,,ethical,stable,profitable,,,secular,checkable,,,horrendous,,,,transformative,,,unidirectional,,,,,,rampant,,,,,,,,,,,,,,,global,,entertaining,,,,,,,,,,,,,fullfledged,
25,,unclear,,,,,,,palatable,,,vivid,,proven,,,,directional,,speculative,,,,,,,grave,,,unsatisfied,,fullscale,,,,lyrical,,,,comedian,plural,,,,,,decree,smooth,controllable,,,parochial,obvious,,,horrific,,,,vital,,,rotatable,,,,,,ubiquitous,,,,,,,,,,,,,,,university,,adventurous,,,,,,,,,,,,,medium,
26,,require,,,,,,,farsighted,,,superb,,modular,,,,oneway,,overdramatic,,,,,,,unwavering,,,uneasy,,supersized,,,,millennial,,,,thirsty,layered,,,,,,republic,tricky,marketable,,,aboriginal,tangible,,,unenviable,,,,opportune,,,diagonal,,,,,,staple,,,,,,,,,,,,,,,sanitary,,inspiration,,,,,,,,,,,,,prospective,
27,,legitimate,,,,,,,acceptable,,,deft,,,,,,geographical,,veiled,,,,,,,heaven,,,undecided,,bold,,,,vintage,,,,jaded,literal,,,,,,bilateral,tough,cheaper,,,pastoral,unintentional,,,,,,,imperative,,,semicircular,,,,,,hearty,,,,,,,,,,,,,,,commercial,,uplifting,,,,,,,,,,,,,visitable,
28,,unsolicited,,,,,,,nondisruptive,,,admirable,,,,,,lateral,,nonsense,,,,,,,love,,,heartbroken,,grant,,,,,,,,maniac,object,,,,,,conservative,stern,reproducible,,,tribal,understated,,,,,,,advantageous,,,rectangular,,,,,,,,,,,,,,,,,,,,,independent,,inspirational,,,,,,,,,,,,,foreigner,
29,,prepaid,,,,,,,logical,,,underrated,,,,,,node,,,,,,,,,soul,,,antsy,,swept,,,,,,,,exhibitionist,gemlike,,,,,,,stubborn,quality,,,,precise,,,,,,,impactful,,,triangle,,,,,,,,,,,,,,,,,,,,,provincial,,relatable,,,,,,,,,,,,,individual,
30,,classified,,,,,,,sober,,,breathtaking,,,,,,gyro,,,,,,,,,undying,,,astonished,,formal,,,,,,,,obsessed,touchable,,,,,,,stagnant,desirable,,,,descriptive,,,,,,,problematic,,,spherical,,,,,,,,,,,,,,,,,,,,,main,,inspiring,,,,,,,,,,,,,wellestablished,
31,,noncompliant,,,,,,,participatory,,,sumptuous,,,,,,installation,,,,,,,,,immortal,,,overwhelmed,,prewedding,,,,,,,,cannibal,exo,,,,,,,resilient,ecofriendly,,,,analytical,,,,,,,,,,,,,,,,,,,,,,,,,,,,,,,intercontinental,,pleasurable,,,,,,,,,,,,,primary,
32,,,,,,,,,,,,delightful,,,,,,sigma,,,,,,,,,thirst,,,wary,,annual,,,,,,,,,uniqueness,,,,,,,uncertain,userfriendly,,,,profound,,,,,,,,,,,,,,,,,,,,,,,,,,,,,,,common,,stimulating,,,,,,,,,,,,,landbased,
33,,,,,,,,,,,,acrobatic,,,,,,peripheral,,,,,,,,,supreme,,,mystified,,prior,,,,,,,,,fusion,,,,,,,lean,,,,,unalterable,,,,,,,,,,,,,,,,,,,,,,,,,,,,,,,domestic,,eventful,,,,,,,,,,,,,principal,
34,,,,,,,,,,,,tidy,,,,,,locational,,,,,,,,,deeply,,,fearful,,admission,,,,,,,,,outward,,,,,,,formidable,,,,,unspecific,,,,,,,,,,,,,,,,,,,,,,,,,,,,,,,internal,,heartwarming,,,,,,,,,,,,,,
35,,,,,,,,,,,,towering,,,,,,sealevel,,,,,,,,,bless,,,,,victorious,,,,,,,,,alpha,,,,,,,choppy,,,,,uncaused,,,,,,,,,,,,,,,,,,,,,,,,,,,,,,,corporate,,captivating,,,,,,,,,,,,,,
36,,,,,,,,,,,,marvel,,,,,,attachment,,,,,,,,,unfettered,,,,,together,,,,,,,,,semantic,,,,,,,slim,,,,,ironclad,,,,,,,,,,,,,,,,,,,,,,,,,,,,,,,mediumsized,,slapstick,,,,,,,,,,,,,,
37,,,,,,,,,,,,priceless,,,,,,mesh,,,,,,,,,unashamed,,,,,upcoming,,,,,,,,,cultured,,,,,,,fragile,,,,,scientific,,,,,,,,,,,,,,,,,,,,,,,,,,,,,,,properly,,,,,,,,,,,,,,,,
38,,,,,,,,,,,,impeccable,,,,,,geological,,,,,,,,,cherished,,,,,festive,,,,,,,,,linguistic,,,,,,,,,,,,observable,,,,,,,,,,,,,,,,,,,,,,,,,,,,,,,international,,,,,,,,,,,,,,,,
39,,,,,,,,,,,,,,,,,,surface,,,,,,,,,sacrificial,,,,,future,,,,,,,,,phonetic,,,,,,,,,,,,extrapolated,,,,,,,,,,,,,,,,,,,,,,,,,,,,,,,regional,,,,,,,,,,,,,,,,
40,,,,,,,,,,,,,,,,,,climatic,,,,,,,,,unconditional,,,,,daylong,,,,,,,,,empathic,,,,,,,,,,,,method,,,,,,,,,,,,,,,,,,,,,,,,,,,,,,,financial,,,,,,,,,,,,,,,,
41,,,,,,,,,,,,,,,,,,rod,,,,,,,,,ultimate,,,,,meeting,,,,,,,,,abstract,,,,,,,,,,,,clearest,,,,,,,,,,,,,,,,,,,,,,,,,,,,,,,expense,,,,,,,,,,,,,,,,
42,,,,,,,,,,,,,,,,,,highspeed,,,,,,,,,dear,,,,,complimentary,,,,,,,,,deformed,,,,,,,,,,,,perspective,,,,,,,,,,,,,,,,,,,,,,,,,,,,,,,industrial,,,,,,,,,,,,,,,,
43,,,,,,,,,,,,,,,,,,ungroup,,,,,,,,,limitless,,,,,provisional,,,,,,,,,derivative,,,,,,,,,,,,referenced,,,,,,,,,,,,,,,,,,,,,,,,,,,,,,,educational,,,,,,,,,,,,,,,,
44,,,,,,,,,,,,,,,,,,stereo,,,,,,,,,,,,,,sponsorship,,,,,,,,,transcending,,,,,,,,,,,,incidental,,,,,,,,,,,,,,,,,,,,,,,,,,,,,,,comparable,,,,,,,,,,,,,,,,
45,,,,,,,,,,,,,,,,,,sample,,,,,,,,,,,,,,exclusive,,,,,,,,,instinctive,,,,,,,,,,,,oral,,,,,,,,,,,,,,,,,,,,,,,,,,,,,,,residential,,,,,,,,,,,,,,,,
46,,,,,,,,,,,,,,,,,,pulse,,,,,,,,,,,,,,bundle,,,,,,,,,rhythmical,,,,,,,,,,,,intangible,,,,,,,,,,,,,,,,,,,,,,,,,,,,,,,particular,,,,,,,,,,,,,,,,
47,,,,,,,,,,,,,,,,,,setup,,,,,,,,,,,,,,project,,,,,,,,,,,,,,,,,,,,,notwithstanding,,,,,,,,,,,,,,,,,,,,,,,,,,,,,,,agricultural,,,,,,,,,,,,,,,,
48,,,,,,,,,,,,,,,,,,plexi,,,,,,,,,,,,,,longrunning,,,,,,,,,,,,,,,,,,,,,proof,,,,,,,,,,,,,,,,,,,,,,,,,,,,,,,farming,,,,,,,,,,,,,,,,
49,,,,,,,,,,,,,,,,,,antenna,,,,,,,,,,,,,,forward,,,,,,,,,,,,,,,,,,,,,empirical,,,,,,,,,,,,,,,,,,,,,,,,,,,,,,,medical,,,,,,,,,,,,,,,,
50,,,,,,,,,,,,,,,,,,lens,,,,,,,,,,,,,,signature,,,,,,,,,,,,,,,,,,,,,convincing,,,,,,,,,,,,,,,,,,,,,,,,,,,,,,,external,,,,,,,,,,,,,,,,
51,,,,,,,,,,,,,,,,,,tilted,,,,,,,,,,,,,,allday,,,,,,,,,,,,,,,,,,,,,unbiased,,,,,,,,,,,,,,,,,,,,,,,,,,,,,,,fullfledged,,,,,,,,,,,,,,,,
52,,,,,,,,,,,,,,,,,,section,,,,,,,,,,,,,,longawaited,,,,,,,,,,,,,,,,,,,,,subject,,,,,,,,,,,,,,,,,,,,,,,,,,,,,,,medium,,,,,,,,,,,,,,,,
53,,,,,,,,,,,,,,,,,,geographic,,,,,,,,,,,,,,fourday,,,,,,,,,,,,,,,,,,,,,compelling,,,,,,,,,,,,,,,,,,,,,,,,,,,,,,,wholesale,,,,,,,,,,,,,,,,
54,,,,,,,,,,,,,,,,,,northsouth,,,,,,,,,,,,,,week's,,,,,,,,,,,,,,,,,,,,,quantitative,,,,,,,,,,,,,,,,,,,,,,,,,,,,,,,overseas,,,,,,,,,,,,,,,,
55,,,,,,,,,,,,,,,,,,overlap,,,,,,,,,,,,,,funtastic,,,,,,,,,,,,,,,,,,,,,learnable,,,,,,,,,,,,,,,,,,,,,,,,,,,,,,,prospective,,,,,,,,,,,,,,,,
56,,,,,,,,,,,,,,,,,,angle,,,,,,,,,,,,,,carfree,,,,,,,,,,,,,,,,,,,,,journal,,,,,,,,,,,,,,,,,,,,,,,,,,,,,,,parents',,,,,,,,,,,,,,,,
57,,,,,,,,,,,,,,,,,,overhead,,,,,,,,,,,,,,yearlong,,,,,,,,,,,,,,,,,,,,,unpublished,,,,,,,,,,,,,,,,,,,,,,,,,,,,,,,nation's,,,,,,,,,,,,,,,,
58,,,,,,,,,,,,,,,,,,unselected,,,,,,,,,,,,,,plan,,,,,,,,,,,,,,,,,,,,,knowledge,,,,,,,,,,,,,,,,,,,,,,,,,,,,,,,input,,,,,,,,,,,,,,,,
59,,,,,,,,,,,,,,,,,,towards,,,,,,,,,,,,,,worldfamous,,,,,,,,,,,,,,,,,,,,,thoroughly,,,,,,,,,,,,,,,,,,,,,,,,,,,,,,,foreigner,,,,,,,,,,,,,,,,
60,,,,,,,,,,,,,,,,,,structural,,,,,,,,,,,,,,tiered,,,,,,,,,,,,,,,,,,,,,verbal,,,,,,,,,,,,,,,,,,,,,,,,,,,,,,,visitable,,,,,,,,,,,,,,,,
61,,,,,,,,,,,,,,,,,,composite,,,,,,,,,,,,,,yearend,,,,,,,,,,,,,,,,,,,,,factual,,,,,,,,,,,,,,,,,,,,,,,,,,,,,,,organizational,,,,,,,,,,,,,,,,
62,,,,,,,,,,,,,,,,,,alignment,,,,,,,,,,,,,,centennial,,,,,,,,,,,,,,,,,,,,,intentional,,,,,,,,,,,,,,,,,,,,,,,,,,,,,,,technological,,,,,,,,,,,,,,,,
63,,,,,,,,,,,,,,,,,,arrow,,,,,,,,,,,,,,anniversary,,,,,,,,,,,,,,,,,,,,,objective,,,,,,,,,,,,,,,,,,,,,,,,,,,,,,,individual,,,,,,,,,,,,,,,,
64,,,,,,,,,,,,,,,,,,sphere,,,,,,,,,,,,,,rodeo,,,,,,,,,,,,,,,,,,,,,textbook,,,,,,,,,,,,,,,,,,,,,,,,,,,,,,,wellestablished,,,,,,,,,,,,,,,,
65,,,,,,,,,,,,,,,,,,fullsize,,,,,,,,,,,,,,twoyear,,,,,,,,,,,,,,,,,,,,,context,,,,,,,,,,,,,,,,,,,,,,,,,,,,,,,primary,,,,,,,,,,,,,,,,
66,,,,,,,,,,,,,,,,,,sill,,,,,,,,,,,,,,introductory,,,,,,,,,,,,,,,,,,,,,nonexpert,,,,,,,,,,,,,,,,,,,,,,,,,,,,,,,landbased,,,,,,,,,,,,,,,,
67,,,,,,,,,,,,,,,,,,mice,,,,,,,,,,,,,,promotional,,,,,,,,,,,,,,,,,,,,,,,,,,,,,,,,,,,,,,,,,,,,,,,,,,,,principal,,,,,,,,,,,,,,,,
68,,,,,,,,,,,,,,,,,,,,,,,,,,,,,,,,gathering,,,,,,,,,,,,,,,,,,,,,,,,,,,,,,,,,,,,,,,,,,,,,,,,,,,,smallscale,,,,,,,,,,,,,,,,
69,,,,,,,,,,,,,,,,,,,,,,,,,,,,,,,,millennium,,,,,,,,,,,,,,,,,,,,,,,,,,,,,,,,,,,,,,,,,,,,,,,,,,,,standby,,,,,,,,,,,,,,,,
70,,,,,,,,,,,,,,,,,,,,,,,,,,,,,,,,title,,,,,,,,,,,,,,,,,,,,,,,,,,,,,,,,,,,,,,,,,,,,,,,,,,,,uptodate,,,,,,,,,,,,,,,,
71,,,,,,,,,,,,,,,,,,,,,,,,,,,,,,,,mega,,,,,,,,,,,,,,,,,,,,,,,,,,,,,,,,,,,,,,,,,,,,,,,,,,,,working,,,,,,,,,,,,,,,,
72,,,,,,,,,,,,,,,,,,,,,,,,,,,,,,,,prospect,,,,,,,,,,,,,,,,,,,,,,,,,,,,,,,,,,,,,,,,,,,,,,,,,,,,ecological,,,,,,,,,,,,,,,,
73,,,,,,,,,,,,,,,,,,,,,,,,,,,,,,,,expedited,,,,,,,,,,,,,,,,,,,,,,,,,,,,,,,,,,,,,,,,,,,,,,,,,,,,farflung,,,,,,,,,,,,,,,,
74,,,,,,,,,,,,,,,,,,,,,,,,,,,,,,,,superfast,,,,,,,,,,,,,,,,,,,,,,,,,,,,,,,,,,,,,,,,,,,,,,,,,,,,openended,,,,,,,,,,,,,,,,
75,,,,,,,,,,,,,,,,,,,,,,,,,,,,,,,,bestknown,,,,,,,,,,,,,,,,,,,,,,,,,,,,,,,,,,,,,,,,,,,,,,,,,,,,technical,,,,,,,,,,,,,,,,
76,,,,,,,,,,,,,,,,,,,,,,,,,,,,,,,,meantime,,,,,,,,,,,,,,,,,,,,,,,,,,,,,,,,,,,,,,,,,,,,,,,,,,,,latter,,,,,,,,,,,,,,,,
77,,,,,,,,,,,,,,,,,,,,,,,,,,,,,,,,racecourse,,,,,,,,,,,,,,,,,,,,,,,,,,,,,,,,,,,,,,,,,,,,,,,,,,,,responsible,,,,,,,,,,,,,,,,
78,,,,,,,,,,,,,,,,,,,,,,,,,,,,,,,,ambitious,,,,,,,,,,,,,,,,,,,,,,,,,,,,,,,,,,,,,,,,,,,,,,,,,,,,self,,,,,,,,,,,,,,,,
79,,,,,,,,,,,,,,,,,,,,,,,,,,,,,,,,preparatory,,,,,,,,,,,,,,,,,,,,,,,,,,,,,,,,,,,,,,,,,,,,,,,,,,,,scale,,,,,,,,,,,,,,,,
80,,,,,,,,,,,,,,,,,,,,,,,,,,,,,,,,rival,,,,,,,,,,,,,,,,,,,,,,,,,,,,,,,,,,,,,,,,,,,,,,,,,,,,premium,,,,,,,,,,,,,,,,
81,,,,,,,,,,,,,,,,,,,,,,,,,,,,,,,,exploratory,,,,,,,,,,,,,,,,,,,,,,,,,,,,,,,,,,,,,,,,,,,,,,,,,,,,longstanding,,,,,,,,,,,,,,,,
82,,,,,,,,,,,,,,,,,,,,,,,,,,,,,,,,prize,,,,,,,,,,,,,,,,,,,,,,,,,,,,,,,,,,,,,,,,,,,,,,,,,,,,onestop,,,,,,,,,,,,,,,,
83,,,,,,,,,,,,,,,,,,,,,,,,,,,,,,,,nationwide,,,,,,,,,,,,,,,,,,,,,,,,,,,,,,,,,,,,,,,,,,,,,,,,,,,,affiliate,,,,,,,,,,,,,,,,
84,,,,,,,,,,,,,,,,,,,,,,,,,,,,,,,,bundled,,,,,,,,,,,,,,,,,,,,,,,,,,,,,,,,,,,,,,,,,,,,,,,,,,,,fastestgrowing,,,,,,,,,,,,,,,,
85,,,,,,,,,,,,,,,,,,,,,,,,,,,,,,,,promising,,,,,,,,,,,,,,,,,,,,,,,,,,,,,,,,,,,,,,,,,,,,,,,,,,,,operational,,,,,,,,,,,,,,,,
86,,,,,,,,,,,,,,,,,,,,,,,,,,,,,,,,prepurchased,,,,,,,,,,,,,,,,,,,,,,,,,,,,,,,,,,,,,,,,,,,,,,,,,,,,cooperative,,,,,,,,,,,,,,,,
87,,,,,,,,,,,,,,,,,,,,,,,,,,,,,,,,decadeslong,,,,,,,,,,,,,,,,,,,,,,,,,,,,,,,,,,,,,,,,,,,,,,,,,,,,subordinate,,,,,,,,,,,,,,,,
88,,,,,,,,,,,,,,,,,,,,,,,,,,,,,,,,winning,,,,,,,,,,,,,,,,,,,,,,,,,,,,,,,,,,,,,,,,,,,,,,,,,,,,meritorious,,,,,,,,,,,,,,,,
89,,,,,,,,,,,,,,,,,,,,,,,,,,,,,,,,electrified,,,,,,,,,,,,,,,,,,,,,,,,,,,,,,,,,,,,,,,,,,,,,,,,,,,,inquiring,,,,,,,,,,,,,,,,
90,,,,,,,,,,,,,,,,,,,,,,,,,,,,,,,,quarterly,,,,,,,,,,,,,,,,,,,,,,,,,,,,,,,,,,,,,,,,,,,,,,,,,,,,administrative,,,,,,,,,,,,,,,,
91,,,,,,,,,,,,,,,,,,,,,,,,,,,,,,,,worldrenowned,,,,,,,,,,,,,,,,,,,,,,,,,,,,,,,,,,,,,,,,,,,,,,,,,,,,existing,,,,,,,,,,,,,,,,
92,,,,,,,,,,,,,,,,,,,,,,,,,,,,,,,,unfamiliarly,,,,,,,,,,,,,,,,,,,,,,,,,,,,,,,,,,,,,,,,,,,,,,,,,,,,assigned,,,,,,,,,,,,,,,,
93,,,,,,,,,,,,,,,,,,,,,,,,,,,,,,,,weeklong,,,,,,,,,,,,,,,,,,,,,,,,,,,,,,,,,,,,,,,,,,,,,,,,,,,,workers',,,,,,,,,,,,,,,,
94,,,,,,,,,,,,,,,,,,,,,,,,,,,,,,,,surprise,,,,,,,,,,,,,,,,,,,,,,,,,,,,,,,,,,,,,,,,,,,,,,,,,,,,highlevel,,,,,,,,,,,,,,,,
95,,,,,,,,,,,,,,,,,,,,,,,,,,,,,,,,holiday,,,,,,,,,,,,,,,,,,,,,,,,,,,,,,,,,,,,,,,,,,,,,,,,,,,,scaledown,,,,,,,,,,,,,,,,
96,,,,,,,,,,,,,,,,,,,,,,,,,,,,,,,,carnival,,,,,,,,,,,,,,,,,,,,,,,,,,,,,,,,,,,,,,,,,,,,,,,,,,,,automotive,,,,,,,,,,,,,,,,
97,,,,,,,,,,,,,,,,,,,,,,,,,,,,,,,,earnest,,,,,,,,,,,,,,,,,,,,,,,,,,,,,,,,,,,,,,,,,,,,,,,,,,,,prime,,,,,,,,,,,,,,,,
98,,,,,,,,,,,,,,,,,,,,,,,,,,,,,,,,deal,,,,,,,,,,,,,,,,,,,,,,,,,,,,,,,,,,,,,,,,,,,,,,,,,,,,mainly,,,,,,,,,,,,,,,,
99,,,,,,,,,,,,,,,,,,,,,,,,,,,,,,,,,,,,,,,,,,,,,,,,,,,,,,,,,,,,,,,,,,,,,,,,,,,,,,,,,,,,selfemployed,,,,,,,,,,,,,,,,
100,,,,,,,,,,,,,,,,,,,,,,,,,,,,,,,,,,,,,,,,,,,,,,,,,,,,,,,,,,,,,,,,,,,,,,,,,,,,,,,,,,,,core,,,,,,,,,,,,,,,,
101,,,,,,,,,,,,,,,,,,,,,,,,,,,,,,,,,,,,,,,,,,,,,,,,,,,,,,,,,,,,,,,,,,,,,,,,,,,,,,,,,,,,relative,,,,,,,,,,,,,,,,
102,,,,,,,,,,,,,,,,,,,,,,,,,,,,,,,,,,,,,,,,,,,,,,,,,,,,,,,,,,,,,,,,,,,,,,,,,,,,,,,,,,,,chartered,,,,,,,,,,,,,,,,
103,,,,,,,,,,,,,,,,,,,,,,,,,,,,,,,,,,,,,,,,,,,,,,,,,,,,,,,,,,,,,,,,,,,,,,,,,,,,,,,,,,,,process,,,,,,,,,,,,,,,,
104,,,,,,,,,,,,,,,,,,,,,,,,,,,,,,,,,,,,,,,,,,,,,,,,,,,,,,,,,,,,,,,,,,,,,,,,,,,,,,,,,,,,generic,,,,,,,,,,,,,,,,
105,,,,,,,,,,,,,,,,,,,,,,,,,,,,,,,,,,,,,,,,,,,,,,,,,,,,,,,,,,,,,,,,,,,,,,,,,,,,,,,,,,,,toplevel,,,,,,,,,,,,,,,,
106,,,,,,,,,,,,,,,,,,,,,,,,,,,,,,,,,,,,,,,,,,,,,,,,,,,,,,,,,,,,,,,,,,,,,,,,,,,,,,,,,,,,fear,,,,,,,,,,,,,,,,
107,,,,,,,,,,,,,,,,,,,,,,,,,,,,,,,,,,,,,,,,,,,,,,,,,,,,,,,,,,,,,,,,,,,,,,,,,,,,,,,,,,,,mutual,,,,,,,,,,,,,,,,
108,,,,,,,,,,,,,,,,,,,,,,,,,,,,,,,,,,,,,,,,,,,,,,,,,,,,,,,,,,,,,,,,,,,,,,,,,,,,,,,,,,,,showering,,,,,,,,,,,,,,,,
109,,,,,,,,,,,,,,,,,,,,,,,,,,,,,,,,,,,,,,,,,,,,,,,,,,,,,,,,,,,,,,,,,,,,,,,,,,,,,,,,,,,,eco,,,,,,,,,,,,,,,,
110,,,,,,,,,,,,,,,,,,,,,,,,,,,,,,,,,,,,,,,,,,,,,,,,,,,,,,,,,,,,,,,,,,,,,,,,,,,,,,,,,,,,multinational,,,,,,,,,,,,,,,,
111,,,,,,,,,,,,,,,,,,,,,,,,,,,,,,,,,,,,,,,,,,,,,,,,,,,,,,,,,,,,,,,,,,,,,,,,,,,,,,,,,,,,mass,,,,,,,,,,,,,,,,
112,,,,,,,,,,,,,,,,,,,,,,,,,,,,,,,,,,,,,,,,,,,,,,,,,,,,,,,,,,,,,,,,,,,,,,,,,,,,,,,,,,,,control,,,,,,,,,,,,,,,,
113,,,,,,,,,,,,,,,,,,,,,,,,,,,,,,,,,,,,,,,,,,,,,,,,,,,,,,,,,,,,,,,,,,,,,,,,,,,,,,,,,,,,availbale,,,,,,,,,,,,,,,,
114,,,,,,,,,,,,,,,,,,,,,,,,,,,,,,,,,,,,,,,,,,,,,,,,,,,,,,,,,,,,,,,,,,,,,,,,,,,,,,,,,,,,spending,,,,,,,,,,,,,,,,
115,,,,,,,,,,,,,,,,,,,,,,,,,,,,,,,,,,,,,,,,,,,,,,,,,,,,,,,,,,,,,,,,,,,,,,,,,,,,,,,,,,,,hightech,,,,,,,,,,,,,,,,
116,,,,,,,,,,,,,,,,,,,,,,,,,,,,,,,,,,,,,,,,,,,,,,,,,,,,,,,,,,,,,,,,,,,,,,,,,,,,,,,,,,,,federal,,,,,,,,,,,,,,,,
117,,,,,,,,,,,,,,,,,,,,,,,,,,,,,,,,,,,,,,,,,,,,,,,,,,,,,,,,,,,,,,,,,,,,,,,,,,,,,,,,,,,,aid,,,,,,,,,,,,,,,,
118,,,,,,,,,,,,,,,,,,,,,,,,,,,,,,,,,,,,,,,,,,,,,,,,,,,,,,,,,,,,,,,,,,,,,,,,,,,,,,,,,,,,informal,,,,,,,,,,,,,,,,
119,,,,,,,,,,,,,,,,,,,,,,,,,,,,,,,,,,,,,,,,,,,,,,,,,,,,,,,,,,,,,,,,,,,,,,,,,,,,,,,,,,,,education,,,,,,,,,,,,,,,,
120,,,,,,,,,,,,,,,,,,,,,,,,,,,,,,,,,,,,,,,,,,,,,,,,,,,,,,,,,,,,,,,,,,,,,,,,,,,,,,,,,,,,discountable,,,,,,,,,,,,,,,,
121,,,,,,,,,,,,,,,,,,,,,,,,,,,,,,,,,,,,,,,,,,,,,,,,,,,,,,,,,,,,,,,,,,,,,,,,,,,,,,,,,,,,interaction,,,,,,,,,,,,,,,,
122,,,,,,,,,,,,,,,,,,,,,,,,,,,,,,,,,,,,,,,,,,,,,,,,,,,,,,,,,,,,,,,,,,,,,,,,,,,,,,,,,,,,provided,,,,,,,,,,,,,,,,
123,,,,,,,,,,,,,,,,,,,,,,,,,,,,,,,,,,,,,,,,,,,,,,,,,,,,,,,,,,,,,,,,,,,,,,,,,,,,,,,,,,,,cyber,,,,,,,,,,,,,,,,
124,,,,,,,,,,,,,,,,,,,,,,,,,,,,,,,,,,,,,,,,,,,,,,,,,,,,,,,,,,,,,,,,,,,,,,,,,,,,,,,,,,,,worldwide,,,,,,,,,,,,,,,,
125,,,,,,,,,,,,,,,,,,,,,,,,,,,,,,,,,,,,,,,,,,,,,,,,,,,,,,,,,,,,,,,,,,,,,,,,,,,,,,,,,,,,unlisted,,,,,,,,,,,,,,,,
126,,,,,,,,,,,,,,,,,,,,,,,,,,,,,,,,,,,,,,,,,,,,,,,,,,,,,,,,,,,,,,,,,,,,,,,,,,,,,,,,,,,,capital,,,,,,,,,,,,,,,,
127,,,,,,,,,,,,,,,,,,,,,,,,,,,,,,,,,,,,,,,,,,,,,,,,,,,,,,,,,,,,,,,,,,,,,,,,,,,,,,,,,,,,supplementary,,,,,,,,,,,,,,,,
128,,,,,,,,,,,,,,,,,,,,,,,,,,,,,,,,,,,,,,,,,,,,,,,,,,,,,,,,,,,,,,,,,,,,,,,,,,,,,,,,,,,,leading,,,,,,,,,,,,,,,,
129,,,,,,,,,,,,,,,,,,,,,,,,,,,,,,,,,,,,,,,,,,,,,,,,,,,,,,,,,,,,,,,,,,,,,,,,,,,,,,,,,,,,search,,,,,,,,,,,,,,,,
130,,,,,,,,,,,,,,,,,,,,,,,,,,,,,,,,,,,,,,,,,,,,,,,,,,,,,,,,,,,,,,,,,,,,,,,,,,,,,,,,,,,,universities,,,,,,,,,,,,,,,,
131,,,,,,,,,,,,,,,,,,,,,,,,,,,,,,,,,,,,,,,,,,,,,,,,,,,,,,,,,,,,,,,,,,,,,,,,,,,,,,,,,,,,coalfired,,,,,,,,,,,,,,,,
132,,,,,,,,,,,,,,,,,,,,,,,,,,,,,,,,,,,,,,,,,,,,,,,,,,,,,,,,,,,,,,,,,,,,,,,,,,,,,,,,,,,,reivew,,,,,,,,,,,,,,,,
133,,,,,,,,,,,,,,,,,,,,,,,,,,,,,,,,,,,,,,,,,,,,,,,,,,,,,,,,,,,,,,,,,,,,,,,,,,,,,,,,,,,,duty,,,,,,,,,,,,,,,,
134,,,,,,,,,,,,,,,,,,,,,,,,,,,,,,,,,,,,,,,,,,,,,,,,,,,,,,,,,,,,,,,,,,,,,,,,,,,,,,,,,,,,bulk,,,,,,,,,,,,,,,,
135,,,,,,,,,,,,,,,,,,,,,,,,,,,,,,,,,,,,,,,,,,,,,,,,,,,,,,,,,,,,,,,,,,,,,,,,,,,,,,,,,,,,departmental,,,,,,,,,,,,,,,,
136,,,,,,,,,,,,,,,,,,,,,,,,,,,,,,,,,,,,,,,,,,,,,,,,,,,,,,,,,,,,,,,,,,,,,,,,,,,,,,,,,,,,study,,,,,,,,,,,,,,,,
137,,,,,,,,,,,,,,,,,,,,,,,,,,,,,,,,,,,,,,,,,,,,,,,,,,,,,,,,,,,,,,,,,,,,,,,,,,,,,,,,,,,,deeprooted,,,,,,,,,,,,,,,,
138,,,,,,,,,,,,,,,,,,,,,,,,,,,,,,,,,,,,,,,,,,,,,,,,,,,,,,,,,,,,,,,,,,,,,,,,,,,,,,,,,,,,allied,,,,,,,,,,,,,,,,
139,,,,,,,,,,,,,,,,,,,,,,,,,,,,,,,,,,,,,,,,,,,,,,,,,,,,,,,,,,,,,,,,,,,,,,,,,,,,,,,,,,,,onboard,,,,,,,,,,,,,,,,
140,,,,,,,,,,,,,,,,,,,,,,,,,,,,,,,,,,,,,,,,,,,,,,,,,,,,,,,,,,,,,,,,,,,,,,,,,,,,,,,,,,,,bilingual,,,,,,,,,,,,,,,,
141,,,,,,,,,,,,,,,,,,,,,,,,,,,,,,,,,,,,,,,,,,,,,,,,,,,,,,,,,,,,,,,,,,,,,,,,,,,,,,,,,,,,littleknown,,,,,,,,,,,,,,,,
142,,,,,,,,,,,,,,,,,,,,,,,,,,,,,,,,,,,,,,,,,,,,,,,,,,,,,,,,,,,,,,,,,,,,,,,,,,,,,,,,,,,,maternal,,,,,,,,,,,,,,,,
143,,,,,,,,,,,,,,,,,,,,,,,,,,,,,,,,,,,,,,,,,,,,,,,,,,,,,,,,,,,,,,,,,,,,,,,,,,,,,,,,,,,,transitional,,,,,,,,,,,,,,,,
144,,,,,,,,,,,,,,,,,,,,,,,,,,,,,,,,,,,,,,,,,,,,,,,,,,,,,,,,,,,,,,,,,,,,,,,,,,,,,,,,,,,,eletronic,,,,,,,,,,,,,,,,
145,,,,,,,,,,,,,,,,,,,,,,,,,,,,,,,,,,,,,,,,,,,,,,,,,,,,,,,,,,,,,,,,,,,,,,,,,,,,,,,,,,,,continental,,,,,,,,,,,,,,,,