p_id,u_id,u_rate
f239,batoo2000,5
f239,Woongs Lee,5
f239,박우석,5
f239,EOS,5
f239,ㅎㅈㅊ,4
b209,한효선,4
e810,백지현,3
e810,uni,1
a211,Hannah-Gahee U♥,5
a211,김세미,5
a211,쑨꿍,5
a211,제주벼,2
a211,혜진,5
a211,L,2
a211,작은배,1
a211,jw,1
a211,정원,5
a211,꿀벌,1
a211,바지우,1
a211,fjhndklhvnkl,5
a211,eodeoddl,5
a211,나상준,5
a211,문수,5
a211,ㅎㅎ,5
a211,김진영,5
a211,이동훈,5
a211,서수진,1
a211,안영준,1
a211,ryu,1
a211,볼링마니아,1
a211,시닝,1
a211,ryu,1
a211,볼링마니아,1
a211,시닝,1
a211,zjffltmxj,1
a211,영원관세법인,1
a211,이정근,5
a211,카카카,5
a211,비호,1
a211,자의식,3
b44,쥴리,3
b44,2020년 화이팅!,5
b44,DAAS,5
f206,윤오,5
f206,용이,5
f20,김가현,5
f20,태찌,3
g112,솔직한평가,5
g112,chloe,5
g112,노웅철,5
g112,김철호,5
g112,개금장,5
b88,아닌건 아니다,1
g327,장원혁,1
g115,륜하,5
d15,뽁뽁이,5
d15,은경이,5
f27,young,1
b43,박민지,3
f201,ㅇㅎ,3
f201,김현진,5
f201,권세윤,5
f201,Equity,2
a811,김혜진,5
f208,예옹,1
f208,황영주,1
f208,현,1
f208,motive,2
f208,서재원,2
e210,박성인,1
e210,이현정,5
e210,다다다,4
e210,만경이,4
e210,평점가,3
g311,구름별,5
g311,전성배,5
g311,지정현,5
g123,KM,1
g123,김미희,5
g123,dawon,5
f237,ㄱㄱㅑ,3
c113,고먐미,1
c113,홍,3
c113,이수광,5
f29,686,4
f16,류정진,5
f16,HG,5
f16,영수운,5
f16,JY,5
f16,뭔데말해바,5
d24,나먄아니면되,2
d24,영더,1
d24,으에엥,1
d24,뿌애애애,1
d24,뿌애애애,1
c114,다라,1
c114,짠티항,5
c114,전대운(lucas),4
f230,신논현 네일한 나,5
f230,JL,1
b72,김소라,5
b72,이제현,5
g124,용성,1
b2410,호두과자,2
b2410,piazza,1
b86,별맘,3
b200,Jae-Gyung Ahn,5
b200,서슐랭,4
b200,hb,4
b200,최재혁,5
g1313,허남열,5
f42,서연,5
f42,태,1
b26,박우진,5
b26,망구루,5
b26,정은정,2
b26,flower,3
b26,H,5
b26,달님,5
b26,fff,5
b26,Utd_Batistuta,5
b26,김진우,5
f264,^^,1
g184,김초설,5
f1511,빵가루,5
f1511,쎄쎄주인,5
f1511,영히,5
f1511,보리차,5
g514,0,1
g514,괭이,1
g514,빈,2
g514,전미선,4
b19,박철홍 🗣곰돌이 👥,5
b19,M,1
b19,상엽,1
b19,😋,5
b19,Mr.Rhee,5
b19,강대형,3
b19,apple_00,4
b19,김레볼,5
b19,별맘,5
b19,정훈,5
b19,Anh Bình,5
b19,루루,5
b19,박봉옥(ㅇㅎㄹㄷㅇ~),5
b19,Benjamin,5
f89,Mori-AN,5
f89,s링,5
f89,슛돌이,5
b253,리커버리,5
g513,맛집탐험가,4
g513,HEYBUE,5
e412,가양,5
e412,꾸,1
e412,달,1
e412,강지수,1
e412,호잇,5
b21,(...),5
b21,시욱♡시헌 맘,5
b21,kh. k.s.,4
b21,정남선생,4
b21,키이라,5
b21,설문규,5
b21,국민짱지,1
c711,엉터리타자,5
c711,ansunjung,5
f263,므ㅏ,4
f263,렬이,4
f45,민이,5
c147,불만많은꿀꿀이,5
c147,s,5
g1314,빼앰,3
a610,보름달,4
a610,Woods,2
a610,우유,3
a610,뿌따따,1
a610,ㄱ. jeong,2
c178,PhLOx,4
c178,이정아,5
c178,강민구,5
g141,한동원,1
f1712,김고은,5
f1712,맛집만 리뷰쓰는편,5
f1712,gogi,4
f1712,zzzini,3
f1712,밥맹이,3
f1712,.,5
f1712,문,5
b291,Y,1
a414,Charming-Park,1
f73,~.~,2
f73,최윤영,5
f73,신유리,1
f73,배추김치,2
f255,열음,1
f255,💟,1
f255,alliwannado,1
f255,.,1
f255,고양이,5
f255,평점가,3
b17,용,5
b17,포티노,5
b17,윤혁,5
b17,밍터,2
b17,김찬호,5
b17,tkhsjr,4
b17,복슬복슬알파카,4
b17,nujay,3
b17,Lucida,4
b17,이승현_데이빗,5
b17,tkhsjr,4
b17,복슬복슬알파카,4
b17,nujay,3
b17,Lucida,4
b17,이승현_데이빗,5
b17,tkhsjr,4
b17,복슬복슬알파카,4
b17,nujay,3
b17,Lucida,4
b17,이승현_데이빗,5
b28,wow,5
b28,little prince,5
b28,언제나 맑음,5
b28,이하닮,5
b28,2020년 화이팅!,5
b28,방기영,4
b10,"'핵, 토 파스칼 킥",5
b10,Chris,5
b10,ando.Kumiko(yossy),4
b10,정남선생,4
b10,허승우,5
b10,준호☆James or Junho,5
b10,건우,5
b10,배슐랭,5
b10,웨인(kojjab),3
b10,박도숙,5
b10,🙂,4
b10,주재용,5
b10,밍터,3
b10,이정준,4
b10,₌₃۶⁼³ 👉호😎이👈 ۶⁼³₌₃,5
b10,YUJIN,5
b10,효현동,4
b10,肇遠,4
b10,금경령,5
b10,2020년 화이팅!,5
b10,키이라,4
b10,黃芝麻 황참깨,4
b10,H,5
b10,김유훈,5
b10,김재경,5
b10,키이라,4
b10,黃芝麻 황참깨,4
b10,H,5
b10,김유훈,5
b10,김재경,5
b10,복슬복슬알파카,4
b10,Benjamin,4
b10,MJay Ko 고 민정,4
b10,복슬복슬알파카,4
b10,Benjamin,4
b10,MJay Ko 고 민정,4
b10,복슬복슬알파카,4
b10,Benjamin,4
b10,MJay Ko 고 민정,4
b10,복슬복슬알파카,4
b10,Benjamin,4
b10,MJay Ko 고 민정,4
b10,복슬복슬알파카,4
b10,Benjamin,4
b10,MJay Ko 고 민정,4
b10,복슬복슬알파카,4
b10,Benjamin,4
b10,MJay Ko 고 민정,4
b10,복슬복슬알파카,4
b10,Benjamin,4
b10,MJay Ko 고 민정,4
c512,박서완,1
c512,카르르르,1
c512,백주,5
c512,🕵🏻‍♀️,5
c512,김태운,5
c176,고도리,1
c176,아리,3
c182,zzalex,1
c182,해정,1
c182,heybiblelee,1
c182,J.H,2
c182,MJay Ko 고 민정,3
e611,복슬복슬알파카,2
g146,강병권,3
c149,박지현,5
c149,matzipchaza,5
c149,구글맵,5
g317,나모,1
f17,.,5
f17,#,5
f231,도꼬,1
f231,안수민,5
f231,rlflqh,5
f231,츠츠3,5
f231,아르카타,5
g1510,.,1
g1510,달군,1
a810,Aiden,1
b74,김예리,5
f10,박진우,3
d22,yuta,2
c112,jh,4
c112,이혜진,1
c112,소우주,5
c112,뿅뿅,1
e211,손,4
e211,도민,4
e211,만두,3
e211,ㄱㅇㅅ,1
b80,Benjamin,4
f19,시영,5
f19,도서관,5
f19,도리,4
f19,kR,1
f1912,ㅇㅈ,5
f1912,Sad,1
f1912,..,1
f1912,.,1
f26,지영지,4
f26,쑤,5
f26,최송현,5
f26,감동하면 리뷰씀,5
f26,이진국,5
f26,K.G,5
f26,jsking,5
f26,정하연,4
f26,유창현,1
f26,☆홍염☆,1
f26,김재명,5
f26,JiN,5
f26,정자영,5
b42,2020년 화이팅!,5
b42,건우,5
f200,장은영,5
f200,임다은,5
f200,강 예동,5
f200,.,1
f200,콩이,2
g114,롤,5
g910,저 푸른 초원펭귄,5
e811,이승재,5
f238,하영,5
f238,깨끗한 물티슈,5
f238,.,5
f238,sSsay,5
f238,박현수,5
f238,송혁범,5
f238,하늘정원,5
f238,연주니,5
f238,젤리젤로,5
f238,Jasmine,5
f238,김원영,5
g113,신정민 비오,5
b45,러시아숲,1
f207,강연부,1
f207,하연,1
f207,잉왜또화내요,1
f207,딸기크림라떼,1
f207,노량진,1
f207,돌발소년,1
a210,오성환,1
a210,꾸웩,1
a210,신혜철,1
a210,your love is good to,1
a210,JUPITER,5
c123,인간은무엇으로사는가,5
d13,햄,1
d13,조현성,5
f21,이희원,1
f21,N지도피난민,5
f21,정예빈,5
b263,리커버리,5
f81,동휘맘,5
c183,공주,5
c183,밍,5
e610,ㅇㅇ,5
e610,냠냠냠,5
e610,wo,5
e610,ㅇㄷㅊ,1
f1714,빵이조앙,5
f1714,vous,3
f1714,01,2
f1714,^-^,5
f1714,용드래곤,5
c513,테이,5
c513,와인,5
f253,김수민,1
f253,...,1
b11,탱탱,5
b11,태영,5
b11,웨인(kojjab),5
b11,양지연,3
b11,이영묵,4
b11,백여 종군,3
b11,석탄이아빠,5
b11,에이프릴,4
b11,소심한 물고기들,5
b11,볼륨매직,5
a412,Charming-Park,1
f75,DALDREAM,4
c170,프로혼밥러,1
c170,영인이,5
c170,호모루덴스,3
c170,-,3
c170,gmlsql99,1
c170,한다영,5
c170,♧히데뉨。,1
g1111,내일은좋은일이생길거야,4
f254,현선,2
f254,맛맛맛,2
f254,SSun.,4
b16,KITT,3
b16,wo,5
b16,롬,4
b16,ㅌㅇ,5
b16,크로스~^^,5
b16,박진우,5
b16,빠우,5
b16,ㅎㅅㅇ,4
b16,찌릿,1
b16,👀,4
b16,고독한 탐식가,3
b16,석우,5
b16,미락여행,5
b16,MJay Ko 고 민정,3
b16,김인규,3
b16,Charlie Jin,5
c514,규규,5
c514,Rsoe,1
f1713,재이,4
f1713,존맛탱구리,4
f1713,Ms. Ssong,3
f1713,추운 베니,3
f1713,SSun.,4
g140,Patrick,1
c184,신논현 네일한 나,5
c184,JL,1
b2010,박광해,5
b29,Trusta,3
b29,-----,5
b29,규빈,1
b29,marumongi,4
b29,ㅎ,1
b29,리커버리,5
b29,정기오,3
b29,최예나,5
b29,김석영,5
b29,김상동,3
b29,복슬복슬알파카,4
b29,MANGo,5
g1912,혜진,1
b20,쥴리,3
b20,유연우,5
b20,최규원,5
b20,jiaobaba,3
b20,오전필,5
b20,서슐랭,5
b20,개진철,5
b20,하성희,5
b20,김정심,4
b20,김재기(석수),5
b20,조남범(효천),5
b20,du_ub11,5
b20,윤정,5
b20,Kai,5
b20,ㅎㅅㅇ,2
b20,종워니(JW),5
b20,장경순,5
b20,또또맘,4
b20,김정민,5
b20,🙂,5
b20,진실된 암행어사,5
b20,이창희,5
b20,윤선화,4
b20,미락여행,4
b20,웨인(kojjab),5
b20,진실된 암행어사,5
b20,이창희,5
b20,윤선화,4
b20,미락여행,4
b20,웨인(kojjab),5
b20,sbchoi,5
b20,밍터,4
b20,Sangmo,3
b20,KB이근미,4
b20,최홍기,4
b20,Choi Dong Sik,4
b20,pH,4
b20,黃芝麻 황참깨,4
b20,오대석,5
b20,이근만,4
b20,박민지,3
b20,설문규,5
b20,김귀성,4
b20,전주희,3
b20,sbchoi,5
b20,밍터,4
b20,Sangmo,3
b20,KB이근미,4
b20,최홍기,4
b20,sbchoi,5
b20,밍터,4
b20,Sangmo,3
b20,KB이근미,4
b20,최홍기,4
b20,Choi Dong Sik,4
b20,pH,4
b20,黃芝麻 황참깨,4
b20,오대석,5
b20,이근만,4
b20,박민지,3
b20,설문규,5
b20,김귀성,4
b20,전주희,3
b20,sbchoi,5
b20,밍터,4
b20,Sangmo,3
b20,KB이근미,4
b20,최홍기,4
b20,sbchoi,5
b20,밍터,4
b20,Sangmo,3
b20,KB이근미,4
b20,최홍기,4
b20,Choi Dong Sik,4
b20,pH,4
b20,黃芝麻 황참깨,4
b20,오대석,5
b20,이근만,4
b20,박민지,3
b20,설문규,5
b20,김귀성,4
b20,전주희,3
b20,sbchoi,5
b20,밍터,4
b20,Sangmo,3
b20,KB이근미,4
b20,최홍기,4
b20,sbchoi,5
b20,밍터,4
b20,Sangmo,3
b20,KB이근미,4
b20,최홍기,4
b20,Choi Dong Sik,4
b20,pH,4
b20,黃芝麻 황참깨,4
b20,오대석,5
b20,이근만,4
b20,박민지,3
b20,설문규,5
b20,김귀성,4
b20,전주희,3
b20,sbchoi,5
b20,밍터,4
b20,Sangmo,3
b20,KB이근미,4
b20,최홍기,4
b20,sbchoi,5
b20,밍터,4
b20,Sangmo,3
b20,KB이근미,4
b20,최홍기,4
b20,Choi Dong Sik,4
b20,pH,4
b20,黃芝麻 황참깨,4
b20,오대석,5
b20,이근만,4
b20,박민지,3
b20,설문규,5
b20,김귀성,4
b20,전주희,3
b20,sbchoi,5
b20,밍터,4
b20,Sangmo,3
b20,KB이근미,4
b20,최홍기,4
f262,건담이말을건담,5
f262,신이나,4
f262,강승은,4
f262,구름,4
f262,손오공,3
c710,멋진Joe,5
c710,멋진Joe,5
g182,재맹,1
a611,제야,1
a611,원 호,4
a611,레오폴드,1
a611,김형규,1
a611,용가리,1
a611,윤찬우,1
a611,여기별로,1
a611,zzzz,5
a611,두바쿠,5
e413,☘,5
e413,송명엽,5
e413,김근수,1
e413,나,1
e413,정재원,1
c179,ㅇㅎ,3
c179,서동현,2
c179,LJ,5
c179,Begbie,1
c179,elly,2
f1510,영효닝~♥,5
f1510,VEnomonEY,2
e414,또롱또로롱,5
f43,차의현,5
f43,출발,5
f43,수민,5
f43,별밤,5
g185,송영철,5
g185,돌아다님,4
b27,농노3,5
b27,박인우,1
b27,wow,5
b27,건우,3
b27,ksh,5
f265,Hyun,1
g3213,이찬,1
b18,츄,5
b18,wow,5
b18,tjqlfkqslwk,2
b18,김준성,5
b18,댕댕진,5
b18,랜턴,4
b18,ㅎㅅㅇ,4
b18,준호☆James or Junho,5
b18,유한영 예은수민맘,5
b18,정하연,5
b18,랜턴,4
b18,ㅎㅅㅇ,4
b18,준호☆James or Junho,5
b18,유한영 예은수민맘,5
b18,정하연,5
b18,재명,5
b18,JB,5
b18,김재경,3
b18,박민지,3
b18,석우,5
b18,김관중(KwanJoong Kim),2
b18,💋승권sk짱💋,5
b18,MJay Ko 고 민정,3
b18,김관중(KwanJoong Kim),2
b18,💋승권sk짱💋,5
b18,MJay Ko 고 민정,3
f2213,공주,5
f2213,밍,5
a67,원 호,4
a67,레오폴드,1
a67,김형규,1
a67,용가리,1
a67,정성영 Paul,3
a67,여기별로,1
a67,zzzz,5
a67,두바쿠,5
c55,Ss,1
c55,정원석,1
c55,윤지상,5
g31,최승희,4
b1510,강희진,5
a93,이채영,1
a93,이창렬,1
a93,.,1
b911,sUNg jONg gEUn,5
b911,박정재,5
b911,임종민,5
c99,김치볶음밥,5
c99,박진영,5
c99,Su,5
c99,해나,5
c99,민영,5
b112,냐냐,5
b112,누리는💓,5
b112,북북이,5
b112,이지혜,5
b112,정남선생,4
e105,유령작가,5
b320,hs🌴,5
d211,Lo샷ve,5
c52,김강봉,5
c52,‼️,5
c52,Kong,5
c52,데이지,3
f310,빼앰,5
f310,MAY,5
f310,크크크,5
f2214,다다다,2
f2214,자양주민,1
f2214,믱,1
f2214,안경국,5
a60,하람이,5
a60,신영종,3
a60,초밥좋아요,1
a60,ssoo,1
a60,솔아솔아,4
b329,김장환,5
a69,박영선,5
a69,전설,4
a69,ludo,1
a69,에이맨,1
a69,김건우,1
a69,ssuu,1
a69,seri414,1
g200,Lindsay.Lim.Michaela,5
f2010,B,1
c64,도영상,5
c64,정영옥,5
a56,아하,5
a56,빅토리아,5
f114,괭이,2
f114,희정,1
f114,이원석,1
e32,나며누기,1
e32,ㅋㅋㅋㅋ,1
e32,토리,2
e32,누렁,2
g38,제점수는요,5
g38,현민,3
g238,이오,1
g238,루루,1
g238,소풍,1
b1714,MJay Ko 고 민정,4
e35,상우,1
e35,혁신을 통한 지속성장!!!,5
e35,건담이말을건담,4
e35,always,1
e35,lotkyu,4
a51,Stanislav,5
a51,드미트리,5
a51,양형열,5
f113,여조로,5
c63,얏호,5
c63,민수,5
a104,오성환,1
c97,비얌,5
c97,카페메니아,2
c97,스카이라피스,5
b311,이상목,3
b183,바람과 나,5
b183,나,5
g53,lune,1
f711,Andy,3
f711,엽떡은 신당점,5
c37,이유리,5
f147,nuny,1
f147,이지,4
f147,愼其獨 로봇군단진재민ZINJAEMIN,5
f147,노랑,5
f147,복슬복슬알파카,3
g253,익명의 사람,2
g253,원국,3
b513,유혜빈,5
c1714,hj,3
c1714,옴뇸뇸 :),5
c1714,쥬잉,5
e95,유령작가,5
f178,박시현,5
f178,귤,1
f178,젼,5
g98,김남호,5
g98,ㄹㅇ솔직평가,1
c1713,정윤지,5
b514,열애사진,5
e66,나은,5
f2612,박수민,5
f2612,이해준,5
f2612,김태훈,5
f2612,jk Han,5
e59,익명,1
e59,익명,5
e59,장꼭또,5
e59,박재만,5
b1912,Minhyung,5
f182,A,5
f182,박병연,1
f182,논리와팩트,1
f182,핑슐랭가이드,3
f182,kfc매니아,2
g96,ㄷㄹ,5
a1110,솔,1
b146,t,5
b146,JYK용선생,5
b146,마곡사랑08,5
g62,(율준♡),1
f512,J,4
f512,장현,5
f512,박찬빈,1
f512,막가롱,2
f512,손혜린,5
a34,깅가라미,1
a34,deuxistt!!,2
a34,균면성실,1
a34,김남천,1
a34,제훈,1
f176,냠냠이,3
f176,eww,2
f176,j,2
f176,p,3
f176,냉철하게판단,4
g296,ㅋㅋㅋㅋ,5
b179,지원,5
b179,박병영,5
f149,소영,1
f149,냠냠이,4
f149,민정,5
f149,정인선,1
f149,내삶의술,5
f149,암바사,5
f149,꿀돌순이,5
f149,이경윤,5
f149,정유철,5
f149,미쉘,5
f149,불량주부,5
b1312,김주영,5
a33,아무개,2
f171,ㅇㅇ,5
f171,냉평,3
f171,FRW,2
f171,맛박사,5
f171,옴뇸뇸,5
e57,Jina,1
e57,숮2🍑,4
e57,흥칫,1
e57,임보람,5
e57,ㅇㅅㅇ,1
c1510,라미,5
f185,손,4
f185,도민,4
f185,만두,3
f185,ㄱㅇㅅ,1
e68,.,5
e68,태,1
e68,JkeM,5
e68,와사비까까,5
e68,랍스얍스,5
g239,허스키,1
g39,.,1
g39,아스라,5
g39,맛도사,1
g206,이름입력,4
b122,Marcellina,5
b310,현지훈,4
b310,ssong,5
b310,하루글라라,5
b310,인서아빠,5
b310,ㆍ,4
e34,폴인럽,5
e34,완사,5
e34,김동현,5
e34,방랑식객,5
e34,크림픽시,5
e34,장현,4
e34,.,2
e34,J,2
e34,드라프,5
e34,드라프,5
e34,kk345,5
c62,정무진,1
c62,봉쥬르,4
c62,Jason (양재훈),5
c62,이반,1
c62,전정우,1
a105,이상훈,1
a50,하람이,5
a50,신영종,3
a50,초밥좋아요,1
a50,ssoo,1
a50,솔아솔아,4
f112,🙂,5
a57,원 호,4
a57,레오폴드,1
a57,김형규,1
a57,용가리,1
a57,정성영 Paul,3
a57,여기별로,1
a57,zzzz,5
a57,두바쿠,5
a102,이상훈,1
f2011,김예림,3
f2011,희,5
e33,이딴곳때문에로그인함,1
g201,정성수,5
c1110,해진,5
c1110,호로록,5
c1110,ㅇㅅㅇ,5
c1110,.,5
c1110,시나비바,1
c91,미니,5
b910,왕谕远,5
g37,기무지노상,2
g37,김태수,5
d210,박진우,4
d210,09_행정_승현,1
a61,Stanislav,5
a61,드미트리,5
a61,양형열,5
c53,황정태,5
f311,별,5
f311,ㅇ,5
a95,밍,5
a95,아이스크림,5
a95,먹방여행*^^*~~,5
e104,김건우,1
e104,Harin Harry Lee,2
e104,김대현,2
e104,자전거탄풍경,5
b321,영남,5
b113,유홍재,4
b113,뽄나,5
b113,MJay Ko 고 민정,3
b113,카카오러,2
b113,고카소,3
a59,박영선,5
a59,전설,4
a59,ludo,1
a59,에이맨,1
a59,김건우,1
a59,ssuu,1
a59,seri414,1
b114,이경준 Black,5
e103,다섯,3
e103,임관혁,5
e103,주연,5
a92,제롱,1
a92,하루,5
a92,lolyiu,1
c54,Jjojo,4
c54,.,1
c54,쥬잉,1
c54,Rom,1
c54,jj,5
a66,아하,5
a66,빅토리아,5
f2212,김복순,1
f2212,양나영,1
f2212,박준렬,1
b1511,웹토리,4
g30,펭수러버,1
g30,🙈,2
c1511,김상영,5
c1511,duri,5
c1511,nanana,5
g90,장승우,1
g90,김지원,5
g90,조성빈,5
f184,쏘다,5
f184,황인용,1
f184,단속반,1
f184,yeah,1
f184,박재용,3
f184,illusion,1
f184,성재,1
f184,복슬복슬알파카,5
f184,뭔들,2
a32,shine,1
a32,bcjhd,5
a32,정옥균,5
a32,cmtk,5
f170,뀰,1
f170,네오,1
f170,rot,1
f170,효기,4
f170,이유진,2
f170,Jun,3
f170,ㅇㅍㄱ,1
f170,JH,3
f170,최정규(Jaykay),4
f170,정남선생,3
f170,SJWi,4
f170,유준명,4
f170,원미,4
f2410,MoMo,5
g64,박호용,5
e56,작지,5
e56,아이유,5
e56,somsa,5
e56,Google,5
e56,에스프레소&크림,5
f514,Ги Хён чхье,1
f514,Th,1
f514,김계승,1
f514,최정삼 designw,5
f514,최귀남,5
e69,세느,5
e69,익명,5
e69,쥐,5
e69,은빛여우,5
e69,오병진,5
f513,S,5
f513,댕댕이,5
f513,hs,5
f513,황다원,5
f513,폭시폭시베이베,1
g63,Circleframe,3
g63,이승형,5
g63,임검제,1
a35,끼끗,1
a35,준수,1
a35,임승균,1
a35,양ㄹㄹ,1
a35,지예서,1
f177,🍰,1
f177,MJay Ko 고 민정,3
f177,찬,5
f177,JA,5
f177,동동,1
f183,김현석,5
f183,.,4
f183,박세정베로니카,5
f183,김종건,5
f183,mh,5
f183,양혜원,5
b147,해당화,5
f148,AH,1
f148,감사,5
f148,손혜린,4
f148,지은,1
f148,1,1
c38,ㅂㄷㅁ,5
c38,hans,5
c38,전희영,5
c38,시저,5
b1110,t,5
f2613,서재현,5
f2613,보라,5
f2613,엘리,5
f2613,안용준,5
f2613,범국,5
e67,양혜진,5
g55,김명근 AnJo,3
c1712,잠오는인생,5
c1712,아그마곰,5
c1712,마리사,3
c1712,명탐정,1
e93,다섯,3
e93,임관혁,5
e93,주연,5
g2011,쥑쥑,1
e58,다영,5
b512,wow,5
b512,BOY,5
b512,천수,5
e94,김건우,1
e94,Harin Harry Lee,2
e94,김대현,2
e94,자전거탄풍경,5
g52,미식가,5
g52,max,1
g52,명세인,1
g52,hye,1
g52,여행,1
f710,지후니,5
f2614,정유철,5
f2614,이하영,2
e60,실버,5
f146,dkwiv,4
f146,조민영,4
f146,Yut222,4
c36,조북이,5
g99,김지해,1
g99,최영준,5
g299,허스키,1
f179,슈미,5
f179,예,5
f179,크어먼요,5
e89,dance,5
e89,keepgoing,5
a19,박희수,2
a19,유려,4
a19,simplysimon30,1
a19,🕵🏻‍♀️,4
g84,한님,5
g84,s,5
f1611,도헌,5
f1611,HEEWON YU,5
f1611,율e,5
f1611,김영우,5
f1611,ssun,5
f1611,오현빈,1
f1611,신지섭,1
f1611,임정민,5
f1611,슬기,5
f1611,김기현,5
f1611,박정훈,5
f1611,떵손🙈,5
f1611,모아,5
f1611,disbw,1
f1611,@,1
f1611,SSun.,4
f1611,simplysimon30,1
f1611,dmdmdnd,5
f1611,김지현,5
f1611,장희정,5
f1611,심준우,5
f1611,이현주,5
f1611,김성은,5
f1611,서효원,5
f1611,강현지,5
f1611,심준우,5
f1611,이현주,5
f1611,김성은,5
f1611,서효원,5
f1611,강현지,5
f1611,임민선,5
f1611,김세희,5
f1611,최은별,5
f1611,이윤미,5
f1611,문은애,5
f1611,김혜란,5
f1611,oOo,1
f1611,오주현,2
f1611,Clare,4
f1611,roi,5
f1611,핑슐랭가이드,5
f190,장은영,5
f190,임다은,5
f190,강 예동,5
f190,.,1
f190,콩이,2
c14,xxxx,4
c14,김다영,5
c14,가나다라마바사,5
g284,즐거운~~~,5
f164,덤벨,1
f164,찬,5
f164,쀼,1
f164,김재명,1
a26,애터미No.1,1
a26,1,1
a26,🍛뚱카🍛,3
a26,쏭아지,1
b198,수소,1
b198,선미,5
b198,어비스,5
g77,김앤장,5
a510,보름달,4
a510,Woods,2
a510,우유,3
a510,뿌따따,1
a510,ㄱ. jeong,2
e45,Heyman,5
e45,서병길,5
e45,dance,5
e45,keepgoing,5
c411,덩기덕쿵,5
c411,슬,5
c411,이승아,5
c411,Riders on the Storm.,5
c411,hi,5
f163,Flyingfi5h,5
f163,octsky,5
f163,해피콩,5
f163,떡먹는 펭귄,5
a21,끼끗,1
a21,se,1
a21,didnekw,1
a21,전재진,1
a21,프로볼러,1
a21,달려라 꾸,1
a21,슈슈,1
c13,보우하,2
f197,강연부,1
f197,하연,1
f197,잉왜또화내요,1
f197,딸기크림라떼,1
f197,노량진,1
f197,돌발소년,1
g613,이민재,5
b153,김주원,5
b153,지니,4
a28,HK,2
a28,힘하면접니다,5
a17,연뎡,5
a17,재성,5
a17,박건우,5
a17,Lunary,5
a17,권태헌,5
a17,이세민,5
a17,Rho,5
a17,나영현,5
a17,장하늘,5
a17,Alpiner,4
a17,고은빈,5
f155,남 도연,5
c25,듸,5
g41,유빈,1
g41,.,2
g41,므므,1
a714,아임그루트,1
a714,박성민,1
g1210,최현승,5
e87,수면제,5
b165,occasion,5
f1412,불만많은꿀꿀이,5
f1412,s,5
g279,ㅎㅐㅍㅣ,5
e511,김재현,5
e80,김동호,5
g410,김동찬,5
g410,김현주,5
g410,김명규,5
g410,김유신,5
g410,밍,5
a713,김민식,1
a713,태준,1
a713,아임그루트,1
a713,박성민,1
e74,신희진,1
e74,-,1
e74,yunjeongC,5
e74,빵기,5
e74,쿡펜킹,5
g46,슈퍼야근러,5
g46,응 디에우 린,5
c612,kaboom80,1
c22,토깽이,5
a10,윤신철,5
a10,고마워,5
a10,성지혜,5
a10,룰루랄라,5
a10,답이없다,4
a10,김나연,5
a10,훗,5
a10,NY,5
a10,민식이냐,5
a10,우쭈주,5
a10,스칼렛,5
a10,Kim JaeYeon,5
a10,임마,5
a10,난알아요,5
a10,m00m,5
a10,봄날,5
a10,뽀로루,5
c82,쥬잉,5
c82,3식2,5
g212,진,3
g212,애옹,1
g212,전주영,5
b304,키이라,5
b136,윤혜린,5
e313,ㅇㅈ,5
e313,Sad,1
e313,..,1
e313,.,1
g12,j,5
g12,ㅃ뿌,1
g12,박세진,5
g12,Seon,1
e20,ㅇㅇ,5
e20,냉평,3
e20,FRW,2
e20,맛박사,5
e20,옴뇸뇸,5
a44,마루치,5
a44,scully35,5
a44,지니,3
a44,김민선,1
a44,임규봉,3
c76,평가봇,5
c76,보우하,1
a111,skdpdua,4
e1012,최동기,5
e1012,크림픽시,5
e1012,Hoon,5
e1012,bebeso,5
e1012,슈~~,5
c49,판다,2
c49,먕,3
c49,하쿠나,4
c49,L,3
c49,강나,1
a912,김성훈,5
a912,백지연,5
a912,내사랑님과함께,5
c71,☆soda,3
c71,송준호,5
f101,뽀꾸빵,2
a43,강기범,1
a43,이태용,1
a43,박석호,1
a43,내가짱,1
a43,김민,1
a43,강기범,1
a43,이태용,1
a43,박석호,1
a43,내가짱,1
a43,김민,1
a43,김두헌,1
e27,ldldldld,4
e27,yook,1
e27,ㅇㅇ,1
e27,옴뇸뇸,1
e27,임성택,1
g15,ㅇ,1
g15,양석주,4
e314,김병규,5
e314,은지♡,5
e314,임헌영,5
e314,이슬,5
e314,황광석,5
f1210,오곡초코볼,1
b303,이용호,4
e18,주관적평가인,1
e18,조형우,5
e18,노준호,5
e18,김레볼,4
e18,Soundmaker K.,1
e18,라이어어언,1
e18,임펄스,1
a88,꾸웩,5
c213,NAMU,5
c213,☺,5
c213,슈퍼매직,5
c213,박현경,5
c213,평가자,1
g23,먹는낙,4
g23,ㅁㅈ,4
g23,김 혜진,4
c47,솔직평가,1
c47,후후훙,3
c47,황승준,5
c47,한다돌,5
c47,현정이,5
a312,강기범,1
a312,이태용,1
a312,박석호,1
a312,내가짱,1
a312,김민,1
a312,덩그러니,1
a312,비온후햇살ㅛ,1
a312,데니스,1
a312,sdfasd,1
a312,김두헌,1
a75,Cheyoung,2
a75,쑹,5
a75,선우,1
f137,JkeM,4
b107,모하징(건우지우맘),5
b107,홍수미♡시원*리원,1
b107,beHappy,1
b335,노래,4
b335,노래,4
b138,초롱언니,5
g812,HGOS,5
g812,덴마크,5
g812,Moses,4
g812,swahn06,5
g812,귀공자,5
b100,문지호,5
a86,이민하,3
g224,.,5
g224,최준혁,5
g224,나를 찾아 떠나는 여행(강재욱),5
a72,릐나,4
a72,Kyu,1
c40,김다빈,5
c40,밍지,5
c40,jmt,1
c214,경이리☆,5
c214,ㄱ.경훈. 초심,5
g24,도꼬,1
g24,이구형,5
g24,이태호,5
e16,횰,1
e16,박한솔,1
e16,이효중(IPTV KOREA),5
e16,제리,5
f1810,ㅇhjin,1
f1810,쭌,1
f1810,유성모,5
f1810,신동일,5
e914,무경,5
e29,고기고기,5
e29,강호,5
e29,김예린,5
e29,최예림,5
e29,차진빈,5
e29,June Kim,3
e29,seain,1
e29,백채원,2
e29,이규홍,1
e29,☆,5
a118,오성환,1
g78,래빗,5
g78,김종진,1
g78,노희찬,1
g78,시훈,1
g78,.,1
f198,예옹,1
f198,황영주,1
f198,현,1
f198,motive,2
f198,서재원,2
e75,최우성,5
a11,맛집은쿨하고섹시해야한다,5
a11,11qaqa,5
a11,유붕우,5
a11,최가람,5
a11,MyW,5
a11,wind,5
a11,매너핸섬,5
a11,라랄라,5
a11,라익디스,5
a11,조은하루,5
a11,머쩌뽀,5
f153,루미에,2
f153,ㄱㄷㅇ,1
f153,유석,1
f153,서장원,1
f153,고수향채,5
c613,황경민,5
c613,우연,4
c613,익명,1
c613,t,5
c23,진성현,5
c23,김진숙,1
f1414,MK,5
f1414,이서연,2
g247,박지현!,1
g247,또롱아빠,1
g247,으악새의난,1
g411,서울러,5
g411,박종하,5
b163,김주원,5
b163,지니,4
a29,일,1
a29,농담곰,4
a29,Jack1,5
a29,Auttaa,1
f1413,ㅇㅇ,1
f1413,유주영,5
f1413,jeong,1
c24,ㅇㅈㅇ,5
a16,뉴뉴,5
a16,기마유니,5
a16,Yesp,5
e72,ㅍㅇ,5
g1211,jun,5
g40,래빗,1
g40,고아라,4
g49,권준호,5
f196,윤오,5
f196,용이,5
e713,조유진,2
b2114,MC_BIN,3
e44,bebeso,5
e44,ㅇㅇ,5
e44,J,1
e44,전국여행자,5
e44,박하얀,5
e44,츠츠3,5
e44,keep on,5
e44,룰루랄라,5
a511,제야,1
a511,원 호,4
a511,레오폴드,1
a511,김형규,1
a511,용가리,1
a511,윤찬우,1
a511,여기별로,1
a511,zzzz,5
a511,두바쿠,5
c12,MK,5
c12,이서연,2
g282,창성,5
g282,김뢰동,5
g282,! 임홍일,5
f162,조용현,5
f162,문수훈,5
f162,이종선,5
c410,ㅡ,5
c410,kkk,1
c410,DH,4
c410,👐,3
c410,건담이말을건담,3
g3114,아이리스,5
a20,끼끗,4
a20,김경한,3
a20,새앙쥐,5
a20,여긴어디난누구,5
a20,누구세요,5
a20,쌔깐혀니,1
a20,영구기,1
a18,주호영,5
a18,김현호,5
b2910,이혜인,1
b2910,수정,1
b2910,지니,4
b2910,토토로,5
a27,.,1
a27,김진영,5
a27,JAMMY,5
a27,유현경,5
a27,eodeoddl,5
a27,제와피,1
a27,빨간맛,1
a27,조용찬,1
a27,강태원,1
a27,유승리,1
a27,박지호,1
a27,부끄럼쟁이,1
a27,이근호,1
a27,MINSU,1
a27,김덕산,1
a27,백예,1
a27,아무개,1
a27,찬,1
a27,박디듀,1
a27,헐,1
a27,트렌드세터,1
a27,민재,2
a27,찬,1
a27,박디듀,1
a27,헐,1
a27,트렌드세터,1
a27,민재,2
c15,불결,1
c15,정하연,1
c15,조성빈,1
c15,•,1
c15,오현주,1
g71,34번버스,1
g71,박소현,3
g71,move_ju,1
g71,이종찬,5
g1012,춘심,1
e43,ann,5
e43,바이올렛,5
e43,121,5
e43,문어,3
e43,장현,5
g85,쩜,5
g85,아이디,1
g85,ㅎㅇ,1
g85,하재원,1
g85,이해성,1
b2113,나는 미완성 행복하고파,5
b155,occasion,5
f191,ㅇㅎ,3
f191,김현진,5
f191,권세윤,5
f191,Equity,2
e714,세요고,5
c41,오춘식,3
c41,ㄱㅎㄱ,5
c41,ㅇㅎ,2
c41,ㄷㄹㄱ,5
c41,0419,1
c41,미히,1
c41,전성관,4
c41,복슬복슬알파카,4
c41,최경희,5
a314,laura,4
a314,지니,3
a73,peyton1120,4
a73,에이맨,4
a73,cj,5
a73,제임스,3
a73,박민,3
g1610,Noah,1
f131,홍세나,1
f131,최동기,5
f131,크림픽시,5
f131,bebeso,5
f131,슈~~,5
f131,제이,4
f131,김씨,5
g25,@JLP,1
g25,뿅뿅,1
g25,Rom,1
g25,김현우,3
g25,ㅎ.ㅎ,1
b101,ijh,5
a87,Benjamin,3
e28,청양고추카롱,5
e28,김다루,5
e28,눌눌,1
f1811,ggg,1
f1811,kh,5
f1811,정,5
f1811,나예선,5
f1811,유기성,5
a80,김진영,5
a80,유현경,5
a80,eodeoddl,5
a80,fjhndklhvnkl,5
a80,김동환,1
e111,옴뇸뇸,5
c212,Elle,3
g22,김세호,2
g22,서인영,1
e10,FRW,1
a313,ㄴ,1
a313,QYU,1
a313,혁,1
a313,PJ,2
a313,둥두루,1
c46,ㅡㅁㅡ,5
c46,momoya,5
c46,도마뱀,1
c46,gooooooood,1
c46,복슬복슬알파카,3
e912,최동기,5
e912,크림픽시,5
e912,Hoon,5
e912,bebeso,5
e912,슈~~,5
b130,장대보이@naver.com(김태권),5
c84,최선을다하는사람,5
a42,손현수,5
a42,Isco,5
a42,choi,1
c70,SSun.,4
a117,NAMU,2
e1014,무경,5
e26,J,5
a89,바다사랑,1
e19,FRW,4
e19,ㅊㅊ,5
e19,이진,5
e19,ㅁㅁㅁ,1
a914,조원빈,4
a914,프라미스키퍼,1
a914,애기깍끙,1
e21,JS,1
e21,할로,1
e21,Hoon,5
e21,성지혜,5
e21,방랑식객,5
e21,ㅇㅅㅇ,5
e21,미쨩,5
e21,전국노예자랑,5
e21,넌내맘1도몰라,5
e21,이수리무,5
e21,밍구리,5
e21,카틀레야,5
g13,훈,2
g13,00,2
a110,남경우,1
a110,박지형,1
a110,김진영,5
a110,유현경,5
a110,eodeoddl,5
a110,댓글인,1
a110,손다솔,1
a110,예현,1
a110,Gilhyun Ko,1
a110,saratoga,1
a110,oasis,1
f107,hyun,5
f107,표창환,5
a45,yab,5
a45,Nidhogg,1
a45,munbal,5
g213,.,1
e312,kmj,1
b305,박민구,3
a913,꾸웩,5
c48,ㅡㅡ,5
c812,ㅁ,5
f278,Jino-진호,5
f278,이영진,5
c197,팬케이크,3
c197,이성신,1
c197,🍛뚱카🍛,4
a1013,Mr.Kim,1
a1013,김홍석,1
a1013,yongjun kim,1
a1013,현규,3
a1013,아주특별한비젼,5
a1013,유부장,5
a1013,유부장,5
a1013,귀가아파,1
a1013,아주특별한비젼,5
b613,유혜빈,5
f247,김기백,5
f247,John Park,5
f411,S,1
f411,네츄럴히어로,5
f59,홍지영,5
f2512,배근원,1
f2512,喜停,1
f2512,.,1
c164,율무새,5
c164,주민,1
c164,보름달,5
g154,1234,1
g154,정수정,1
b614,열애사진,5
f92,지수,5
f92,이하린,5
f92,수민,5
f92,홍석,1
f249,Em,5
f249,정운,1
f249,신호태,3
f249,noname,5
c199,쓔기,5
g196,이름입력,4
f276,최성찬,5
b34,윤용현,5
b34,Sol,5
b3114,yisrael,5
f50,Lsw,1
f50,메이피르,3
f50,ㅇㅅㅇ,1
f50,outofmind,1
b410,도현,4
b410,선영이❣,4
b410,궈니,5
b1811,🍇진아🍇,4
b1811,안형주,5
f68,BB,1
f68,◑◑,5
f68,Y,5
f68,LJ,5
f285,홉,5
c1610,.!.!,1
c1610,전우진,1
c1610,후기로 세상을 이롭게,1
f2711,허윤영,5
f2711,최민지,5
f2711,😀,5
f271,혀에몰빵,5
f271,으아,5
b33,2020년 화이팅!,5
b33,2020년 화이팅!,5
g191,정성수,5
b93,지원,5
b93,이,5
b93,csssssssi,5
b93,ASTER,5
c1012,이해인,1
c1012,주로,5
b1610,강희진,5
c101,미니,5
f2113,김혜림,5
f2113,동그란도토리,2
b67,우서혜,2
f225,hj,3
f225,옴뇸뇸 :),5
f225,쥬잉,5
c1811,dndkdkf,5
f814,Joseph Junghyun Kim,5
f814,권지훈,5
f2114,J,4
f2114,.,5
f2114,기모링,1
f2114,아이스,2
b60,Hello,5
b60,쩌비,4
f222,잠오는인생,5
f222,아그마곰,5
f222,마리사,3
f222,명탐정,1
d111,김태헌,1
d111,ㄹㅇㅁㅅ,1
b212,키이라,5
b212,누리는💓,5
b212,blue@,5
b212,드림드림,4
b212,조영규,4
c139,박건호,1
c139,@@,5
c139,neverhearts,4
f813,맛따라멋따라,5
g109,김지해,1
g109,최영준,5
b1413,이연수,5
b1413,vluecat,3
c130,아보카보도,2
f32,유미,1
f214,.,4
f214,ㅎㅎ,1
f214,guke,1
f214,fbxhh,1
f214,멍멍,1
g100,장승우,1
g100,김지원,5
g100,조성빈,5
b69,냉정하고객관적인자세,5
b69,vluecat,4
b69,김은정 知天命,5
f213,토닥토닥,5
f213,방진혁,4
f213,경호,5
f213,최명진,5
f213,닉네임을 등록해 주세요,5
b51,정연욱,5
b51,탱탱,5
b51,복슬복슬알파카,5
b51,고독한 탐식가,3
f35,리얼 솔직 후기,5
f35,맛박사,5
f35,ㄹㄹ,5
f35,박종호,5
f35,R,4
g138,Geo,1
b1810,바게트,2
b1810,here is paradise,5
b1810,윌링니스,1
f614,v,5
f614,HY,5
f614,유제현,5
f614,김종휘,5
f614,엽,5
f2710,🐶,5
b1013,성정모,5
g190,Lindsay.Lim.Michaela,5
f270,무경,5
b32,고호성,4
b32,진보!,1
b32,한선규,4
b32,[CHAN],5
b32,😗,5
b32,김종근,1
g2112,이창해,5
c1611,u,5
c1611,민지냥,1
c1611,Min,1
c1611,Ḿặgďį ḾøhàḾễd,4
c1611,J,1
c198,마리사,4
c198,...,5
b247,Laura,4
f283,김다빈,5
f283,밍지,5
f283,jmt,1
b411,ㅌㅇ,5
b411,flower,4
b411,별,5
g163,dawon,5
g163,문스레이네스,5
g163,bongsama,1
b35,리뷰러,4
b35,이준규,4
f613,정지은,5
f613,조현진 نبيل,5
f51,.,1
f51,.,5
f51,잘생겼진,5
f51,라이어니,5
f51,×_×,1
f58,나필균,1
c191,김케잍,1
c191,MK Lee,5
c191,yesyesyes-yes,1
c165,💟,5
c165,민트초코,4
c165,쏠쏠라,5
c165,아연,5
c165,Hana,5
b3311,꼬끼오,5
b3311,최요한,5
f2513,박민지,5
f67,살구튀김,1
f67,수크림,5
f67,재재,5
f67,ㅎ,5
f67,Jiyeonish,5
b285,Y,5
f241,윤형민,5
f279,춈춈,5
f246,김현조,4
f246,_Lou_,5
f246,얼레리꼴레리,2
f60,ㅇㅇㅇ,3
c162,...,1
c162,스바루,1
c162,빤돌이,5
c162,su22,5
c162,MAMIMI,5
f410,laura,4
f410,yoni,1
f410,냠,4
g152,성배(Ryan),1
b612,wow,5
b612,BOY,5
b612,천수,5
f212,meeple,3
f212,뜨,3
f212,헤헤,4
b50,Hello,5
b50,쩌비,4
f34,한도훈,5
f34,신신,5
f34,뉴,5
f34,모날로그,4
g2514,𝐳𝐞𝐫𝐨,5
g106,ㄷㄹ,5
c109,김치볶음밥,5
c109,박진영,5
c109,Su,5
c109,해나,5
c109,민영,5
g139,홍우승,5
g139,장승우,5
g139,건호,4
g139,김민재,5
g139,033,1
b813,달빛그림,5
f33,박숴,5
f33,3점이평균값,3
b1412,Pablo,5
b1412,짚시,5
f2311,수염난양말씨,4
f215,.,5
f215,sky,1
b57,우서혜,2
b213,바람과 나,5
b213,진보!,5
b213,참참참,5
b213,유빈아빠,2
b213,프로평가조류,5
g305,김태형,5
g305,지봉주,5
g305,현규,5
b61,정연욱,5
b61,탱탱,5
b61,복슬복슬알파카,5
b61,고독한 탐식가,3
f223,jh,4
f223,이혜진,1
f223,소우주,5
f223,뿅뿅,1
c107,비얌,5
c107,카페메니아,2
c107,스카이라피스,5
g108,김남호,5
g108,ㄹㅇ솔직평가,1
b1611,웹토리,4
f2112,0070,1
f2112,🥀,1
f2112,지환,1
f2112,최승훈,1
f2112,김지민(Andrew),1
f2112,0070,1
f2112,🥀,1
f2112,지환,1
f2112,최승훈,1
f2112,김지민(Andrew),1
b92,park,4
b214,laura,5
g2710,.,1
g2710,zh,2
b59,냉정하고객관적인자세,5
b59,vluecat,4
b59,김은정 知天命,5
c1810,ㅏㅓ,5
c1810,HyeSunYoo,5
c1810,김성일,1
c1810,mh♡sh,5
g510,김동찬,5
g510,김현주,5
g510,김명규,5
g510,김유신,5
g510,밍,5
e411,김재현,5
g174,남현,5
b22,먹는낙,5
b22,t,5
b22,진스,4
b22,오잉,4
b22,준호☆James or Junho,5
b22,좋운습관,5
c712,Alex KIM,5
c712,민규,5
c712,오정의,5
c712,민정이,5
c712,perfumer,5
f260,뚜기,2
a613,릐나,4
a613,Kyu,1
f79,유미,4
f41,.,1
f41,.,5
f41,잘생겼진,5
f41,라이어니,5
f41,×_×,1
a614,최우준,1
a614,오성환,1
a614,지현,1
a614,에비앙,1
b25,곰,2
b25,하하,5
b25,wow,5
b25,오전필,5
b25,준호☆James or Junho,5
b25,구본근,3
b25,구본근,3
b25,구본근,3
f267,anne,5
f267,미슐랭 쿠,5
f1512,불만많은꿀꿀이,5
f1512,s,5
b257,김종윤,4
c188,김나라,5
b268,진현일,5
b268,혜숙,5
c511,덩기덕쿵,5
c511,슬,5
c511,이승아,5
c511,Riders on the Storm.,5
c511,hi,5
f251,윤형민,5
b13,나비보벳따우,5
b13,박잎새,4
b13,윤혁,5
b13,.,5
b13,전철영,5
b13,Lucida,4
b13,손광현,4
b13,MJay Ko 고 민정,3
b13,Lucida,4
b13,손광현,4
b13,MJay Ko 고 민정,3
b13,Lucida,4
b13,손광현,4
b13,MJay Ko 고 민정,3
f77,민이,5
f77,정민규,5
a410,이영석,1
a410,한덕호,1
a410,스테,2
a410,맛맛맛,3
c175,김정욱,5
c175,숴,5
c175,민선기,5
c175,민트,1
c175,ㅇㅇㅈ,5
c181,___,5
c181,고락훈,5
e612,MJay Ko 고 민정,3
f48,나필균,1
f1711,James Cho,3
f1711,@dububrow,5
f1711,임채운,5
f1711,바이올렛,5
f1711,001999,1
g142,성배(Ryan),1
c186,정직함이튀어나와,2
c186,.형민,1
c186,둥,3
c172,.,1
c172,1,1
c172,미스터선,5
c172,유혜정,2
c172,아프리까청춘이다,5
b292,동네,5
g1113,원석,4
g1113,꿀꿀이,4
f70,misia93,5
f70,Akira-Goro,5
f70,이야기꾼,5
f256,김현조,4
f256,_Lou_,5
f256,얼레리꼴레리,2
b14,닥터슬립,1
b14,깜,4
b14,raskoli,4
b14,.,4
b14,나,5
b14,sil,5
b14,당산참새,5
b14,L,5
b14,simplysimon30,5
b14,윤현규,5
b14,sil,5
b14,당산참새,5
b14,L,5
b14,simplysimon30,5
b14,윤현규,5
b14,프로평가조류,5
b14,밍터,4
b14,Sangmo,4
b14,sbchoi,5
b14,かなこ,5
b14,정재욱,5
b14,김상욱,4
b14,정재욱,5
b14,김상욱,4
b2811,강희진,5
g189,풋사과냥,2
f269,은지,1
f1910,B,1
c126,예담,1
b40,박성우,5
b40,신성례,1
f202,이다인,2
f202,D.S,1
f202,ㄱㅁ,1
f202,박기태,1
f202,늉♡,4
b78,꿈꾸는QA,5
g912,춘심,1
b47,워니,4
a212,윤더키,5
a212,키세스,1
a212,DJO,5
d11,노호진 형제,5
d11,이준영,1
f23,요똥,5
f23,안녕나야,5
f23,맛있는게좋아,3
f23,일,4
g111,ㅅㅎ,5
g111,돌쇠,5
d18,홈밀크,5
d18,오렌지의 향기,5
d18,Ashley,5
d18,돼지재홍이닷,5
d18,moohee,5
d18,조경원,5
d18,잡초같은인생,5
d18,Friend,5
d18,순돌,5
d27,bimmer,1
d27,켄타쿤,1
f15,이철,5
f15,이제짱이다,5
f15,김범진,5
f15,이매망량,5
f233,서영,1
f233,주환,1
b71,dododong,1
g315,임형순,5
b49,raskoli,5
b49,명태말린살,5
b49,WHY?,5
b49,도현,5
a812,원숭이,1
a812,쟁,1
a812,ㅇㅅㅇ,1
a812,허창녕,1
e213,랩잇,5
e213,굿모닝,5
g312,김현준,5
b2414,S2봄봄봄,4
f234,정직함이튀어나와,2
f234,.형민,1
f234,둥,3
c110,💗🐬✨🍓💫🦄💜🌙🌸,3
c110,어쩐지오늘,1
c110,😎,2
c110,🙂,3
c110,쏭,2
c173,김민서,5
c173,그냥,4
c173,150,5
c173,가니커스,3
c173,오잉,5
f257,김기백,5
f257,John Park,5
b15,김장환,5
b15,이정훈,5
b15,박잎새,5
b15,김준성,5
b15,강무,5
b15,준호☆James or Junho,1
b15,Lucida,4
b15,아임그루트,5
b15,flower,4
b15,Bon,5
b15,최예나,5
b15,🙂,5
b15,tkhsjr,4
b15,시호아빠,4
b15,Jinseul choi,4
b15,박민지,3
b15,신호태,5
b15,MJay Ko 고 민정,4
b15,SF_임명규,3
b15,김상욱,5
b15,김현,4
b15,Benjamin,4
b15,김현,4
b15,Benjamin,4
f1710,마늘,1
f1710,지니,5
f1710,lovelyh,1
f1710,Sergei,1
f1710,밤,1
f1710,마늘,1
f1710,지니,5
f1710,lovelyh,1
f1710,Sergei,1
f1710,밤,1
b267,김종윤,4
b2013,나는 미완성 행복하고파,5
f268,얌마,5
g188,찡빈,1
g1911,쥑쥑,1
b258,진현일,5
b258,혜숙,5
c180,돌아다님,4
c180,thshsys,4
c180,둥,3
c180,박윤일,5
b2014,MC_BIN,3
e613,ㄱ whitetape OPEN 🎥,5
e613,릴라,5
g144,1234,1
g144,정수정,1
b12,you,4
b12,JC,2
b12,Ieva (예바),5
b12,🥑,5
b12,박잎새,4
b12,DAAS,5
b12,좋은생각,5
b12,박진우,5
b12,준호☆James or Junho,5
b12,narea,4
b12,DAAS,5
b12,좋은생각,5
b12,박진우,5
b12,준호☆James or Junho,5
b12,narea,4
b12,설문규,5
b12,화수분,5
b12,금수강산풍년,5
b12,금수강산풍년,5
c510,ㅡ,5
c510,kkk,1
c510,DH,4
c510,👐,3
c510,건담이말을건담,3
f76,h,1
f76,inismm,3
a411,이찬국,5
f49,홍지영,5
f1513,ㅇㅇ,1
f1513,유주영,5
f1513,jeong,1
b2210,김소라,5
f40,Lsw,1
f40,메이피르,3
f40,ㅇㅅㅇ,1
f40,outofmind,1
b24,돌,4
b24,김케잍,2
b24,준호☆James or Junho,5
b24,박남수,5
b24,타르트,4
b24,박진만,5
b24,설문규,5
b24,타레,4
b24,BrownEyes,4
c714,김성준,4
c189,00,3
c189,shyeonh,5
c189,ㅎㅈㅊ,2
c189,리버리버,5
f259,Em,5
f259,정운,1
f259,신호태,3
f259,noname,5
b23,김소라,5
b23,박잎새,4
b23,x,5
b23,누리는💓,5
b23,최림,5
f261,ㅇ,1
f261,jj,1
f261,요요,1
f261,Jason,1
a612,와이파이맛나,1
a612,야옹이,5
g511,서울러,5
g511,박종하,5
f1514,MK,5
f1514,이서연,2
f78,자유의지,4
f78,kkk007,1
c912,이해인,1
c912,주로,5
b48,먹는 것이 힘이다,1
b48,림보,5
f235,Serah,5
f235,김정현,5
d21,.,1
d21,복슬복슬알파카,2
d21,july,5
f13,김재원,4
f13,곽미정,5
f13,용대,5
f13,라티,5
f13,KJH,5
e212,롸롸,3
g313,젼,5
b83,YMDR,1
b83,이정현,5
a814,Jun,1
a814,한아름,1
b84,JP,5
b84,구은경,5
b84,봉천동꿀주먹,5
b84,홍익인간,5
b84,pH,5
f14,김영우,2
f14,syoooon,3
f14,보름달,4
f14,최고의 맛을 찾아서,4
f14,Irons,4
b70,허용구,4
b70,flower,4
b70,밍터,3
e812,발업질럿,1
e812,오래된단골,5
b79,조인제,5
b234,리커버리,4
g110,초코붕어빵,5
g110,황지호,5
g110,파니니,5
g110,Sora,5
a213,김태후,1
a213,웅이네집,5
a213,지니,4
a213,june,1
a213,코끼리는뿌우뿌우,5
b46,깜,3
b46,YS법률상담,5
b46,진솔(은주),5
b46,ㅌㅇ,5
b46,Ever,5
b46,뿌웅뿌웅,5
f204,류경숙,5
f22,간간,3
f22,박우진,5
c120,다다리,4
f1911,김예림,3
f1911,희,5
g128,원석,4
c127,연슈,4
f25,조상은,5
b41,성욱,5
b41,정은정,1
f203,맛없으면굶음,2
f203,이정우,1
f203,💜,5
f203,Tak,2
f203,Sandie,1
f203,♧히데뉨。,5
a214,홍균Present,5
a214,I'm Darren,1
a214,박지성,5
a214,ar,2
a214,우리,5
g117,Kate,4
g117,ㅇㅎㅇ,5
c1710,이승희,1
c1710,인정,5
e91,소소,5
g257,박지현!,1
g257,또롱아빠,1
g257,으악새의난,1
c33,ej,5
f143,루미에,2
f143,ㄱㄷㅇ,1
f143,유석,1
f143,서장원,1
f143,고수향채,5
f2611,서덕겸,5
f2611,처루빠샤!,3
f188,아하,1
f188,바이올렛,3
f188,뀨,1
f188,이찬미,3
f188,빡침,1
g50,래빗,1
g50,고아라,4
f712,imnamkung,5
f712,imnamkung,5
f712,은교,1
f712,하야부사,5
b3014,yisrael,5
e62,깡다,1
e62,전광성,2
b174,STOLZ,5
e96,컨슈머,1
e96,이건호,1
e96,모수,1
e96,Daisy 🌼,1
e96,김춘배,1
e96,르루,1
e96,CHICHI,1
e96,Akong,1
a39,H,3
a39,직설,1
a30,윤신철,5
a30,고마워,5
a30,성지혜,5
a30,룰루랄라,5
a30,답이없다,4
a30,김나연,5
a30,훗,5
a30,NY,5
a30,민식이냐,5
a30,우쭈주,5
a30,스칼렛,5
a30,Kim JaeYeon,5
a30,임마,5
a30,난알아요,5
a30,m00m,5
a30,봄날,5
a30,뽀로루,5
f172,주봉,4
f172,박승우,1
f172,태,1
f172,권수진(느헤),1
f172,베니88,3
f172,베니88,5
f172,tonoboss,5
f172,G_mono,1
f172,여니맘,5
b1311,김군,5
b1311,정영자,5
f2412,배근원,1
f2412,喜停,1
f2412,.,1
e54,bebeso,5
e54,ㅇㅇ,5
e54,J,1
e54,전국여행자,5
e54,박하얀,5
e54,츠츠3,5
e54,keep on,5
e54,룰루랄라,5
g92,담,5
f186,네로,1
f186,살살,1
f186,보애,1
f186,laura,1
g59,권준호,5
f181,박성인,1
f181,이현정,5
f181,다다다,4
f181,만경이,4
f181,평점가,3
b145,vluecat,4
e53,ann,5
e53,바이올렛,5
e53,121,5
e53,문어,3
e53,장현,5
f511,S,1
f511,네츄럴히어로,5
g61,이상아,5
g61,Dahye Cho,3
g295,김태형,5
g295,지봉주,5
g295,현규,5
a37,K,3
a37,트롤리,1
a37,김진영,5
a37,유현경,5
a37,eodeoddl,5
a37,fjhndklhvnkl,5
a37,you,5
a37,warantonia,5
a37,ㅎㅎ,5
a37,원석,1
a37,섭현노,2
a37,루시,4
a37,🍛뚱카🍛,3
f175,ㅇㅁ,1
f175,우디,4
f175,Mim,5
f175,김동철,4
f175,Ethan Jaekwon LEE,3
f175,세리무,5
f175,댜니,5
e98,미미네,5
e98,DK,1
e98,윤승,1
e98,#,4
e98,서교동완소남,5
b912,pH,5
e38,Brandon Ryu,4
e38,폴인럽,4
e38,댕댕이,5
a97,김성훈,5
a97,백지연,5
a97,내사랑님과함께,5
e106,컨슈머,1
e106,이건호,1
e106,모수,1
e106,Daisy 🌼,1
e106,김춘배,1
e106,르루,1
e106,CHICHI,1
e106,Akong,1
b111,ijh,5
d212,h_y.96,1
b1514,진용s,5
c51,오춘식,3
c51,ㄱㅎㄱ,5
c51,ㅇㅎ,2
c51,ㄷㄹㄱ,5
c51,0419,1
c51,미히,1
c51,전성관,4
c51,복슬복슬알파카,4
c51,최경희,5
f313,만두,5
f313,눈누난나,5
f313,시즈,5
f313,조융,5
c69,미랑,3
c69,그라함보넷,5
c69,김민우,5
c69,후라쉬맨,5
b129,김장환,5
c56,ㅡㅁㅡ,5
c56,momoya,5
c56,도마뱀,1
c56,gooooooood,1
c56,복슬복슬알파카,3
f314,송재훈,2
f314,dkfhd0308,5
e101,소소,5
a90,먹방여행*^^*~~,5
a90,밍,5
a90,아이스크림,5
e108,미미네,5
e108,DK,1
e108,윤승,1
e108,#,4
e108,서교동완소남,5
e36,독,3
e36,은영,1
e36,준혁,5
a107,NAMU,2
c60,00,1
c60,R,5
c60,Jade,5
c60,Jang,1
a52,mr,1
a52,지수,5
a52,tkhsjr,3
f110,쓰까찌테이뿌,5
b120,효연,5
b312,IIIllIllI,5
b312,워니,3
b312,MJay Ko 고 민정,3
b312,사진여행,5
b312,김무권,4
b312,오렌지노,4
c1911,N,1
c1911,안정훈,1
c1911,황은진,5
c1911,이영은,1
c1911,[Hypernomad]신종훈,2
c58,ㅡㅡ,5
b315,박민구,3
g203,보름달,4
c93,^^,5
c93,이호재,5
c93,yusana,5
a55,혼행족,2
a55,david lee,1
a100,조원빈,4
a100,프라미스키퍼,1
a100,애기깍끙,1
f510,laura,4
f510,yoni,1
f510,냠,4
a36,깅가라미,1
a36,deuxistt!!,2
a36,균면성실,1
a36,김남천,1
a36,제훈,1
f174,솔솔♪,1
f174,신혜영,5
f174,nickey,5
f174,최시준,5
f174,APROJECT,5
f180,Dong hyeok,5
f180,dk,4
f180,노엘,4
f180,예찡,1
f180,ㆍ,1
f180,navi,2
g260,으악새,4
g260,최호진,5
g260,"조진묵(David Cho, 趙珍默)",5
g260,fugu,5
g260,서현서윤이 아빠~♡^^♡,5
b144,장재진,4
f187,zero,5
f187,트리,5
f187,윤채,5
f187,TAEK,5
a31,최두영,1
a31,윤더키,5
a31,키세스,1
a31,DJO,5
e55,Heyman,5
e55,서병길,5
e55,dance,5
e55,keepgoing,5
b3211,프로평가조류,5
f2413,박민지,5
g67,성훈 (Sean),1
g67,KimSoo,5
b188,할배,5
b511,☆★☆★☆,4
b511,"🌲건강 이 최고 ,",5
b511,쪼맨,5
b175,윤호길,5
e97,하,1
e97,휫,1
e97,강찬영,2
e97,리안,1
e97,기정우,5
e97,서종우,5
e97,장영익,5
e97,오유선,5
e97,이태은,5
e97,박정후,5
e97,김이슬,5
e97,정서권,5
e97,Amanda013,5
e97,김성은,5
e97,배가고파서a,5
e97,김동환,5
e97,부끄럽쟈나ㅋ,5
e97,blessing2me,5
e63,휸,1
e63,달,3
e63,유승연,1
e63,노재원(프르니),5
g51,유빈,1
g51,.,2
g51,므므,1
c35,재희,5
c35,ll,5
f145,남 도연,5
a38,슈룹,2
a38,kim,2
a38,서울,5
a38,rjstnrla,5
b1113,성정모,5
c32,민트초코,3
g56,슈퍼야근러,5
g56,응 디에우 린,5
f714,노소현,5
f2610,소비자,1
f2610,이준열,5
e64,얼죽아러버,4
e64,썽루,1
c1711,뿌잉,5
c1711,김지형,5
c1711,쩡,2
c1711,제육덮밥,5
g2012,혜진,1
g69,아이드리,5
f189,alfoxllw,1
f189,Ori,1
f189,명태말린살,2
f189,박진우,4
c59,판다,2
c59,먕,3
c59,하쿠나,4
c59,L,3
c59,강나,1
c1910,귯,1
c1910,임성록,5
c1910,서태규,5
c1910,태언,5
c66,김형식,5
c66,ㅇㅎ,4
c66,술탄,5
f2012,ㅇㅈ,5
f2012,Sad,1
f2012,..,1
f2012,.,1
e30,유혜정,3
e30,보름달,4
e30,믜,4
e30,메롱가지,4
e30,초코홀릭,5
b126,한국수력원자력,5
b126,이온더핏,5
b314,키이라,5
c92,hhh,5
c92,맛집탐방러,5
c92,김보갱,5
b313,이용호,4
b121,정현경,5
e37,예옹,1
e37,황영주,1
e37,현,1
e37,motive,2
e37,서재원,2
f111,이한설,1
f111,건우,5
c68,리뷰리뷰,1
c68,ㅏㅓ,4
c68,리얼후기만남김,2
b117,모하징(건우지우맘),5
b117,홍수미♡시원*리원,1
b117,beHappy,1
c1310,나래,1
c1310,Andy,1
c1310,쟁구,1
c1310,오키도키222,1
a91,클라우,1
a91,송수진,1
a91,borland,5
a65,혼행족,2
a65,david lee,1
f2211,ㅇㅅㅇ,5
f2211,소라소라,2
f2211,스카이,5
c57,솔직평가,1
c57,후후훙,3
c57,황승준,5
c57,한다돌,5
c57,현정이,5
g33,황정빈,5
g33,오,1
a108,오성환,1
e39,만두,4
e39,ㅇㅇ,5
e39,ㅇㅇㅇ,1
e39,코쿠스,1
e39,띵석,5
d213,이선생,1
d213,호이,1
d213,오우예,1
d213,멍냥이,1
d213,OHOO,1
g34,프로평가조류,5
c50,김다빈,5
c50,밍지,5
c50,jmt,1
f312,메르시,2
f312,장규완,5
f312,ㅎ,3
f312,이현준,5
f312,Y.L,1
a62,mr,1
a62,지수,5
a62,tkhsjr,3
g2414,𝐳𝐞𝐫𝐨,5
b110,문지호,5
e107,하,1
e107,휫,1
e107,강찬영,2
e107,리안,1
e107,기정우,5
e107,서종우,5
e107,장영익,5
e107,오유선,5
e107,이태은,5
e107,박정후,5
e107,서종우,5
e107,장영익,5
e107,오유선,5
e107,이태은,5
e107,박정후,5
e107,서종우,5
e107,장영익,5
e107,오유선,5
e107,이태은,5
e107,박정후,5
f102,지수,5
f102,이하린,5
f102,수민,5
f102,홍석,1
a40,유병무,5
a115,이상훈,1
c72,김재만,4
e24,마늘,1
e24,지니,5
e24,lovelyh,1
e24,Sergei,1
e24,밤,1
e24,마늘,1
e24,지니,5
e24,lovelyh,1
e24,Sergei,1
e24,밤,1
b132,한장희,5
b132,키이라,5
g216,미윰,5
g29,고충훈,5
g229,탱,5
c81,미스태리💕,5
c81,룰라,5
g211,kang chang gil,3
e310,만경이,5
e310,Edward,5
e310,지렁이,5
e310,모리상,5
e23,라라,1
e23,narea,2
e23,김형욱,5
a112,김도현,1
a112,장미,1
a112,최시온(Zion),1
a112,입맛까다로운카비,1
a112,웃고말지요~,5
c75,피닉스,5
a47,송인석,4
a47,이경석,3
a47,하영국,3
a47,김현주,3
a47,이득란,1
a47,순인,3
a47,D,3
a47,배명수,2
a47,선희,3
a78,준ㅇ,1
a78,.,5
a78,우유,1
a911,배인효,1
c810,양지인,5
e114,박준옥,1
e114,김혜림,1
e114,An,5
e114,LEE,5
e114,kyet,5
a85,장현진,5
b2713,이우선,5
c43,황정태,5
g1612,D.S,1
g1612,만해,5
g1612,지구,4
g1612,B,1
a71,한규식,1
a71,Jaekeun Lee,5
a71,카맵 전문모험가,4
a71,aka DC,1
a71,다음초보,5
f133,이딴곳때문에로그인함,1
f1813,맛집좋하,4
f1813,방은정,3
f1813,신우,5
f1813,justice,5
f1813,커피,5
g18,고아라,3
g18,딸기스무디,3
g18,베로니카,5
c210,김재홍,5
a76,건빵진,1
a76,그림자기술,1
a311,후기,1
a311,황용하,5
a311,오늘 우린 이겼어,1
a311,49,1
a311,yangkikap,1
f134,진스,4
f134,박현호,5
c44,Jjojo,4
c44,.,1
c44,쥬잉,1
c44,Rom,1
c44,jj,5
a82,Benjamin,3
e113,ㅎㄹ,5
e113,.,5
b104,이경준 Black,5
a49,보름달,4
e910,j.s.h,5
e910,박슬기,5
g811,SHJ,5
g1814,ㄷㄹㄱ,5
e79,크림픽시,5
e79,전국여행자,5
e79,Hoon,5
e79,1,5
e46,작지,5
e46,아이유,5
e46,somsa,5
e46,Google,5
e46,에스프레소&크림,5
a513,릐나,4
a513,Kyu,1
c10,미영,5
c10,경희,1
c10,정이,1
c10,순록,4
c10,냠냠,1
c412,박서완,1
c412,카르르르,1
c412,백주,5
c412,🕵🏻‍♀️,5
c412,김태운,5
f160,민수,5
a22,Lucida,4
f194,류경숙,5
e711,이정현,5
b150,Yeong2,5
b150,박성우,5
g80,깨진알,4
b2912,김재현,5
f158,AH,1
f158,감사,5
f158,손혜린,4
f158,지은,1
f158,1,1
g87,아라,1
g87,yj,1
g87,행복가득,2
g87,이경수,1
g87,금요일에만나요,2
f193,맛없으면굶음,2
f193,이정우,1
f193,💜,5
f193,Tak,2
f193,Sandie,1
f193,♧히데뉨。,5
f1612,1234,5
f1612,복슬복슬알파카,4
a25,아무개,2
c17,ㄱ,3
c17,김성민,5
c17,hhh,1
g287,.,1
a514,최우준,1
a514,오성환,1
a514,지현,1
a514,에비앙,1
g1010,저 푸른 초원펭귄,5
e48,다영,5
e512,가양,5
e512,꾸,1
e512,달,1
e512,강지수,1
e512,호잇,5
e83,윤정,2
e83,괭이,1
b161,설문규,5
g413,맛집탐험가,4
g413,HEYBUE,5
g45,김명근 AnJo,3
e77,다다다,2
e77,자양주민,1
e77,믱,1
e77,안경국,5
a710,우인,1
a710,최유선,1
a710,김한국,5
a710,kimhc,5
b195,지종환,5
a13,오늘하루,1
a13,Insu Kim,1
a13,매운닭강정,1
a13,조원석,1
a13,카스트로폴로스,2
a13,윤태우,1
a13,ㅇㅅㅇ,1
a13,박수진,1
a13,zezehi,1
a13,ES,0
a13,바람고리,0
a13,달려보자,1
c21,오승호,5
c21,wonwoo,5
c21,김대현,5
c21,푸른하늘,5
c21,이현우,5
f169,MASA5,5
f169,quizzzzz,2
c19,JUYEON,5
g89,sol,4
b159,Goodtoseeu,3
a14,방배돌,5
a14,실제후기맨,1
a14,사생활보호,1
a14,김진규,5
a14,카페모카,1
f156,dkwiv,4
f156,조민영,4
f156,Yut222,4
e70,기린,5
e70,aj-world,5
g42,미식가,5
g42,max,1
g42,명세인,1
g42,hye,1
g42,여행,1
e84,구름별,3
g414,0,1
g414,괭이,1
g414,빈,2
g414,전미선,4
f1411,빵가루,5
f1411,쎄쎄주인,5
f1411,영히,5
f1411,보리차,5
g221,키키키,5
a83,장현진,5
e112,슐랭팍,5
e112,Germin,3
c211,ㄱㄱㅑ,3
g21,정원,1
c45,Ss,1
c45,정원석,1
c45,윤지상,5
a77,우유,1
a310,김말이,3
a310,Summer,4
a310,Yakiku,5
a310,savewater,1
f135,지나가는사람,5
f135,민야,1
f135,블루텔 대표이사,5
a48,후기,1
a48,김동수,5
a48,익명,1
a70,KBS,5
a70,강진우,5
a70,Leedaewoon(대운 이),5
f132,기린,1
f132,ㅎㅎ,5
f132,mk,4
c42,김강봉,5
c42,‼️,5
c42,Kong,5
c42,데이지,3
g26,정빈,1
g26,휴,1
g26,앤,5
g26,이민교,5
e14,굿모닝,5
a84,민경태(명아),3
g19,달은..해가..꾸는..꿈,5
g19,김상현,5
c89,신준국,4
f1812,u,5
f1812,민지냥,1
f1812,Min,1
f1812,Ḿặgďį ḾøhàḾễd,4
f1812,J,1
g10,프로평가조류,5
g10,굿데이,4
g10,Will,3
e22,홍세나,1
e22,최동기,5
e22,크림픽시,5
e22,bebeso,5
e22,슈~~,5
e22,제이,4
e22,김씨,5
a46,보름달,4
a113,jhg,5
a113,류tr,1
a113,왕심쿵,1
a113,안태준,1
a113,조영록,5
c74,박민지,5
e1010,j.s.h,5
e1010,박슬기,5
g210,김태준,5
g210,성훈 (Sean),1
g210,jisu,1
e311,.,1
e311,1,1
e311,미스터선,5
e311,유혜정,2
e311,아프리까청춘이다,5
a910,배인효,1
a79,전설,1
a79,싱가,3
a79,미미,1
b301,이상목,3
g217,ㅋ,1
a114,클라우,5
a114,방정현,5
a114,오성환,5
a114,쟆,5
a114,jei8ht,5
c73,복슬복슬알파카,5
g1410,.,1
g1410,달군,1
a41,꾸웩,2
a41,Aaron,5
a41,박운석(천장지존),5
a41,나나나,1
a41,Cheyoung,4
e25,유영현,5
e25,댕댕이,5
e25,류범선,5
g17,김성권,5
g17,창옥,5
g17,실리마린,5
g17,겨울,5
g17,Circleframe,1
g28,박성용,5
c18,기린,1
c18,ㅎㅎ,5
c18,mk,4
f168,박진우,2
f1410,영효닝~♥,5
f1410,VEnomonEY,2
g243,익명의 사람,2
g243,원국,3
e514,또롱또로롱,5
a15,.,5
a15,이경민,5
f157,nuny,1
f157,이지,4
f157,愼其獨 로봇군단진재민ZINJAEMIN,5
f157,노랑,5
f157,복슬복슬알파카,3
c27,ㅇㅎ,3
c27,범,1
c27,이레이더,1
c27,Begbie,1
c27,j,1
g43,lune,1
e71,유령작가,5
b193,정은정,1
e49,익명,1
e49,익명,5
e49,장꼭또,5
e49,박재만,5
e76,이준호,1
e76,HHH,1
b194,렌즈씨,5
c20,하늘,5
c20,킴돌이,5
a12,경선,5
a12,김진규,4
e513,☘,5
e513,송명엽,5
e513,김근수,1
e513,나,1
e513,정재원,1
b160,Yeong2,5
b160,박성우,5
f159,소영,1
f159,냠냠이,4
f159,민정,5
f159,정인선,1
f159,내삶의술,5
f159,암바사,5
f159,꿀돌순이,5
f159,이경윤,5
f159,정유철,5
f159,내삶의술,5
f159,암바사,5
f159,꿀돌순이,5
f159,이경윤,5
f159,정유철,5
c29,햇님,5
c29,고킥,1
c29,ㅇㅇ,1
c29,😂,2
b2913,키이라,5
b169,Goodtoseeu,3
c16,헤렐,1
c16,추,1
c16,조현우,1
c16,^_^,5
c16,ㅈㅁ,5
f166,김인범,5
f166,송종원,5
f166,12reo25,5
f166,유니콩콩,5
c414,규규,5
c414,Rsoe,1
a24,김경한,1
a24,서로다함께 김태우,1
a24,누구게,3
a24,오리궁딩,1
b2110,박광해,5
f1613,주관적평가인,1
f1613,조형우,5
f1613,노준호,5
f1613,김레볼,4
f1613,Soundmaker K.,1
f1613,라이어어언,1
f1613,임펄스,1
f192,이다인,2
f192,D.S,1
f192,ㄱㅁ,1
f192,박기태,1
f192,늉♡,4
b2914,assassa,5
e710,dkdlqhro,1
e710,오늘만큼,5
e710,콘콘,5
e710,천안호구과자,5
e710,Castalia_,1
f1614,현지 hj gabi keem,1
f1614,Jeremy,3
f1614,냠,3
f1614,도로롱,2
f1614,세상에,5
f1614,현지 hj gabi keem,1
f1614,Jeremy,3
f1614,냠,3
f1614,도로롱,2
f1614,세상에,5
f1614,무적고양,5
f1614,bein',5
f1614,Rokhee,5
f1614,문정인,5
f1614,냔,1
f1614,🙈,1
f1614,ㅎㅈㅊ,4
f1614,수많은알수없는길속에희미한빛을난쫓아가,5
f1614,윤오,5
f1614,유지현,5
f1614,킬러쥴,5
f1614,Glenlee,5
f1614,킬러쥴,5
f1614,Glenlee,5
g81,xx,5
g611,정성수,5
g611,TL,5
g611,산까치,5
b151,설문규,5
a512,와이파이맛나,1
a512,야옹이,5
e47,Jina,1
e47,숮2🍑,4
e47,흥칫,1
e47,임보람,5
e47,ㅇㅅㅇ,1
f161,하,1
f161,휫,1
f161,강찬영,2
f161,리안,1
f161,기정우,5
f161,서종우,5
f161,장영익,5
f161,오유선,5
f161,이태은,5
f161,박정후,5
f161,김이슬,5
f161,정서권,5
f161,Amanda013,5
f161,김성은,5
f161,배가고파서a,5
f161,김동환,5
f161,부끄럽쟈나ㅋ,5
f161,blessing2me,5
c413,테이,5
c413,와인,5
a23,유지윤,1
a23,서영,1
a23,이태율,1
a23,sshdr,1
a23,영구오빠,5
c11,빵가루,5
c11,쎄쎄주인,5
c11,영히,5
c11,보리차,5
f221,반미용,5
f221,쮸,1
f221,로켓,5
f221,최은규,5
d112,sjh,1
d112,ㅈㅅ,1
b1614,진용s,5
g135,정범,5
g135,희,5
g135,째옹,5
f38,M,5
f38,s,5
f38,김동환,5
f38,듀공,5
f38,류승진,5
g132,D,4
c102,hhh,5
c102,맛집탐방러,5
c102,김보갱,5
f2110,jade,5
f2110,욥,5
f2110,NDB,1
f2110,혁명,1
f2110,명현,4
f2110,또르륵,5
f2110,고라니,5
f2110,도여니꺼,5
f2110,맛맛맛,3
f2110,니에베,1
f2110,꾸아,5
b64,flower,4
f226,犬구리,4
c1812,Hyun,1
f219,ㄱ,3
f219,김성민,5
f219,hhh,1
f210,박정현,1
f210,윤진웅,5
b52,Elastic{Han},5
f2314,5점만점기준,5
f36,🍓,3
f36,Kunal,5
f36,jjun,5
f36,종필이,5
b99,사오정 / 김진우6학년때5반,4
g309,허스키,1
f31,오해피데이,4
f31,오지훈,5
c133,이준,1
f2313,얍,4
f217,쏘이,5
f217,춈춈,4
f217,홍,2
f217,어쩜,3
f217,인화,5
f217,위선자,5
f217,김성중,5
f217,듀스,5
f217,부자,5
f217,김창우,5
f217,박민애,5
f228,우뇌,1
f228,이정민,1
f228,진혀기,2
c167,김민지,5
c167,조광효,5
c167,포투,5
c167,.,3
c167,ㅎㅇ,1
f243,김수민,1
f243,...,1
g2313,BlackBean,5
c193,Adela.yunsun,5
c193,카페라떼마시고싶다,1
c193,서길동,5
f91,뽀꾸빵,2
c1410,라미,5
b39,김영희,5
b39,김소라,5
a1010,솔,1
c194,쪼온,5
c194,erin,1
c194,Jinsuk Kim,5
g150,Patrick,1
f244,현선,2
f244,맛맛맛,2
f244,SSun.,4
f62,한주희,1
f412,J,4
f412,장현,5
f412,박찬빈,1
f412,막가롱,2
f412,손혜린,5
c160,1234,5
c160,복슬복슬알파카,4
c169,0,5
c169,ww,1
c169,layleegyun,1
c169,C__b,1
c169,.,2
c169,윤맨,5
c169,MIN⭐️,5
c169,Ba,1
c169,웜니,1
c169,🕵🏻‍♀️,3
c169,ㄱㄴㄷ,1
c169,Eyu,1
b414,MJay Ko 고 민정,3
c1613,맛없으면굶음,2
c1613,이정우,1
c1613,💜,5
c1613,Tak,2
c1613,Sandie,1
c1613,♧히데뉨。,5
f2712,Bonobonoboi,5
f2712,Jane Doe,5
f272,희,5
f272,수영,5
f272,🐶,5
f272,Ashley♡,5
b30,malang,5
b30,임동예,5
b30,??,5
b37,wow,4
b37,지수♥♥,4
b37,ripnujabes,4
b37,나이트서퍼,5
b37,달려라네오,5
f611,불만많은꿀꿀이,5
f611,김남호,5
f53,차의현,5
f53,출발,5
f53,수민,5
f53,별밤,5
c1614,얍삐,5
c1614,나는 련우다,4
c1614,정하연,4
c1614,ㅇ,4
c1614,MJay Ko 고 민정,3
c1614,세젤맛탐방,5
c1614,베베-베베,5
c1614,안사장님,5
c1614,김석용,5
f281,은선,5
f281,창규,5
f281,김효진,5
f281,김도겸,5
f281,유영석,1
g161,ㄱ성찬,5
g161,lee,5
g102,담,5
b1411,ds2756,1
b1411,빠우,5
b1411,sajacall82,1
f30,섭세브,3
f30,우세진,5
f216,J,1
f216,라임,5
f216,세진,5
f216,윤상아,5
b54,flower,4
f2312,강인철,1
f2312,최혜,1
f2312,🕵🏻‍♀️,1
b219,한효선,4
f211,PhLOx,4
f211,이정아,5
f211,강민구,5
f37,싹싹,3
f37,sherly,4
f37,HY LIM,5
b98,최종주,3
b810,뭐라구요,1
b810,Hyun56056,5
d114,조은산,5
d114,탱이,5
d114,heeya7158,5
d114,잘받았냐,5
c103,^^,5
c103,이호재,5
c103,yusana,5
f2111,배재훈,5
f2111,AEYoo,5
f2111,Yut222,3
f2111,요기잉네,1
f227,쥥이~️❤,1
f227,성재,1
f227,기럭지은,1
f227,기럭지은,1
g133,김휘수,3
g133,ㅇ,5
g133,-,1
g133,나나,2
g133,🍡,2
f218,장예원,1
f218,Tony,5
f218,보통,5
f218,현주,2
f218,박수정,5
c1813,최성민,5
c1813,사이,4
c1813,우주,1
c1813,호모루덴스,3
c1813,장수영,5
b210,Jae-Gyung Ahn,5
b210,서슐랭,4
b210,hb,4
b210,최재혁,5
b96,paragate,5
b96,마당발,2
b96,성민,5
g306,ㅋㅋㅋㅋ,5
b62,Elastic{Han},5
f220,.,5
f220,태,1
f220,JkeM,5
f220,와사비까까,5
f220,랍스얍스,5
c1814,김진현,5
f39,ㅎㄹ,5
f39,리뷰,5
f811,뿡뿡,5
b412,카페모카,4
b412,Sascha H,4
b412,빠우,5
b412,roadrunner,4
b412,러시아숲,4
f274,김대현,4
f274,맛맛맛,3
b36,박기남,4
b36,미나니,5
f610,kw,1
f610,잘받았냐,5
f610,잘받았냐,4
f610,노란개미,5
f52,서연,5
f52,태,1
f2714,처루,5
f2714,bee,5
f2714,ㅍㅍ,1
f2714,담이,5
f2714,카주,1
c168,쏘다,5
c168,황인용,1
c168,단속반,1
c168,yeah,1
c168,박재용,3
c168,쏘다,5
c168,황인용,1
c168,단속반,1
c168,yeah,1
c168,박재용,3
c157,불만많은꿀꿀이,5
c157,s,5
f55,민이,5
b31,-----,5
b31,김현호,5
b31,유선영,3
b31,flower,4
b31,ZhouHeng,5
b31,Jessica,5
b31,박민지,3
b31,워니,3
b31,정재욱,3
b31,Kevin,5
b31,Kid,5
b31,SIDe,1
b31,둥글게애인,1
b31,진스,1
b31,Kevin,5
b31,Kid,5
b31,SIDe,1
b31,둥글게애인,1
b31,진스,1
b31,멋쟁이,1
b31,이제는,1
b31,두고보자,1
b31,이경민,1
b31,덱셀,1
b31,구로이네,1
b31,라임오렌지,1
b31,빡보낸다,1
b31,못,1
b31,뽀빠이,5
b31,음낭괴물,5
b31,곰탱이,1
b31,유누스,5
b31,토마토,1
b31,참이슬,4
b31,windaddy,4
b31,천상비,1
b1010,t,5
g193,보름달,4
g167,ㅁ,1
g167,De Rossi,1
c1612,진영,5
c1612,😋,4
b1214,B,5
b1214,강창근,5
b1214,MJay Ko 고 민정,3
b1214,볼륨매직,5
f245,열음,1
f245,💟,1
f245,alliwannado,1
f245,.,1
f245,고양이,5
f245,평점가,3
c161,es,5
c161,‼️,5
c161,olive,5
c161,살앙에빠진i,5
c161,김동현,5
c161,simplysimon30,5
f413,S,5
f413,댕댕이,5
f413,hs,5
f413,황다원,5
f413,폭시폭시베이베,1
f63,고도영,1
f63,옌,1
f63,고기조하,1
a1011,솔,1
f97,hyun,5
f97,표창환,5
b611,☆★☆★☆,4
b611,"🌲건강 이 최고 ,",5
b611,쪼맨,5
g151,한동원,1
g169,김휘수,2
g169,박동조,1
g169,11,1
g169,추승윤,1
c159,박지현,5
c159,matzipchaza,5
c159,구글맵,5
g156,강병권,3
c1411,김상영,5
c1411,duri,5
c1411,nanana,5
c192,SONO,5
c192,이프,4
c192,Yuni Choi,1
f2510,MoMo,5
b3312,장용안,5
c166,김현석,5
c166,.,4
c166,박세정베로니카,5
c166,김종건,5
c166,mh,5
c166,양혜원,5
f414,Ги Хён чхье,1
f414,Th,1
f414,김계승,1
f414,최정삼 designw,5
f414,최귀남,5
b1213,짱아,1
