group_74,group_0,group_1,group_2,group_3,group_4,group_5,group_6,group_7,group_8,group_9,group_10,group_11,group_12,group_13,group_14,group_15,group_16,group_17,group_18,group_19,group_20,group_21,group_22,group_23,group_24,group_25,group_26,group_27,group_28,group_29,group_30,group_31,group_32,group_33,group_34,group_35,group_36,group_37,group_38,group_39,group_40,group_41,group_42,group_43,group_44,group_45,group_46,group_47,group_48,group_49,group_50,group_51,group_52,group_53,group_54,group_55,group_56,group_57,group_58,group_59,group_60,group_61,group_62,group_63,group_64,group_65,group_66,group_67,group_68,group_69,group_70,group_71,group_72,group_73,group_75,group_76,group_77,group_78,group_79,group_80,group_81,group_82,group_83,group_84,group_85,group_86,group_87,group_88,group_89,group_90,group_91,group_92,group_93,group_94,group_95,group_96,group_97,group_98,group_99
single,daily,smart,sudden,understood,live,strong,boring,last,useless,interesting,calm,annoying,narrative,cool,alive,ambiguous,evil,black,old,free,chicken,emotional,faithful,main,violent,modern,several,many,cruel,wrong,young,visual,happy,scientific,noir,scary,acting,animal,korean,center,shallow,much,attractive,taiwanese,first,disappointing,actress,human,musical,false,difficult,tragic,detective,beautiful,dizzy,uncomfortable,social,yoo,romantic,convincing,funeral,good,able,fresh,gravitational,famous,martial,goose,sexual,silent,heavy,facial,detailed,impressive,attracted,bad,popcorn,sweet,scariest,infinite,crazy,provocative,funny,poor,little,criminal,empty,bluish,cognitive,underfed,wounded,sophisticated,cute,song,weak,bed,impossible,small,forced
light,endless,meticulous,unexpected,added,rid,high,predictable,new,unrealistic,important,cheerful,jealous,cinematic,warm,intact,complex,mysterious,white,married,unlimited,bean,empathy,noble,real,bloody,classic,ten,different,humane,childish,female,serial,sorry,quantum,thriller,vivid,responsible,teddy,japanese,,naval,comfortable,easy,greek,second,painful,spy,inner,classical,exaggerated,awkward,fatal,representative,pleasant,drunk,angry,historical,ryu,lonely,straight,bereaved,great,likely,healthy,magnetic,favorite,liberal,fish,erotic,loud,powerful,shin,independent,dramatic,lost,sad,sticky,delicious,worst,absolute,mental,hateful,fun,inferior,hard,fake,dead,yellowish,auditory,emaciated,injured,passive,handsome,solo,sloppy,sleep,invisible,worth,desperate
middle,constant,charismatic,inevitable,emphasized,shed,normal,dull,original,unnecessary,unique,sincere,arrogant,novel,cold,awake,vague,fantasy,dark,girl,prepaid,noodle,sympathy,righteous,true,killing,sexy,half,similar,immoral,stupid,male,immersive,glad,biological,hardboiled,creepy,immersed,dog,american,,underwater,smooth,realistic,sebastian,third,miserable,fictional,rational,music,contrary,bitter,fateful,critic,lovely,unconscious,afraid,political,gon,love,chase,deceased,perfect,welcome,hungry,,popular,ideological,ant,lesbian,tearful,intense,nose,advanced,spectacular,touched,strange,poisonous,chewy,hardest,superior,mad,insensitive,comic,questionable,big,suspicious,hidden,reddish,sensory,,,functional,clumsy,sound,slow,goodnight,incomprehensible,ordinary,unable
wild,everyday,talented,unusual,highlight,forgive,overall,tacky,long,meaningless,successful,friendly,unkind,genre,hot,,twisted,fairy,red,boy,,kimchi,anguish,peaceful,obvious,suicide,elegant,hundred,various,despicable,innocent,elementary,graphic,disappointed,experimental,,sorrowful,guilty,puppy,chinese,,dam,usual,dangerous,fucking,fourth,frustrating,actor,philosophical,ensemble,distorted,harsh,destructive,police,magical,asleep,tired,commercial,roh,kiss,lead,anniversary,nice,willing,raw,,top,revolutionary,whale,homosexual,smile,fierce,spleen,comprehensive,memorable,used,terrible,underwear,fried,funniest,irreplaceable,obsessive,abusive,witty,insufficient,right,illegal,unknown,discolored,dopamine,,,flexible,charming,lyrical,mixed,sofa,indescribable,huge,failed
artificial,regular,intelligent,unnatural,echo,miss,low,cheesy,previous,trivial,exciting,quiet,unfriendly,artistic,dry,,elaborate,magic,colorful,born,,cheese,happiness,patriotic,simple,drunken,stylish,few,countless,vile,selfish,disabled,virtual,excited,mathematical,,stark,restrained,pet,british,,tidal,conventional,necessary,lol,fifth,upset,fable,moral,orchestra,deceptive,delicate,chronic,lieutenant,golden,numb,curious,public,iti,unrequited,decisive,memorial,amazing,ready,fat,,former,colonial,insect,porn,fist,brutal,patient,thorough,rare,shot,ridiculous,toxic,greasy,darkest,indelible,addictive,inappropriate,humorous,lacking,whole,fraudulent,broken,,neural,,,strict,clever,vocal,soft,couch,unbearable,excessive,reluctant
wide,repeated,experienced,abnormal,express,attract,sharp,monotonous,full,distracting,meaningful,gentle,snobbish,literary,rainy,,imperfect,eternal,bright,son,,soybean,regret,vain,clear,gunshot,fancy,twenty,individual,reprehensible,unfair,paternal,remote,surprised,structural,,grim,focused,elephant,french,,solar,mature,cheap,julian,seventh,shocking,suspense,intellectual,musician,biased,rough,uncontrollable,chief,magnificent,nauseous,interested,personal,choi,extramarital,runaway,obituary,excellent,wish,frozen,,legendary,conservative,bear,pornographic,noisy,vicious,hip,upgraded,surprising,left,regrettable,trash,savory,harshest,irresistible,obsessed,misogynistic,laugh,shoddy,sure,fictitious,forgotten,,somatic,,,voluntary,bold,mournful,tight,,unimaginable,certain,eager
north,persistent,skillful,accidental,feels,overcome,stable,sentimental,next,frivolous,creative,affectionate,timid,theatrical,dreary,,complicated,divine,blue,guardian,,bread,fear,brave,deep,armed,luxurious,eleven,numerous,deplorable,foolish,pregnant,screen,grateful,linear,,terrifying,vested,baby,asian,,archipelago,efficient,appropriate,sean,consecutive,heartbreaking,superhero,spiritual,cello,factual,tense,severe,intern,splendid,unconsciousness,nervous,national,yuan,friendship,finish,autopsy,wonderful,unlikely,organic,,loyal,antiwar,jellyfish,pervert,solemn,offensive,hair,standard,improbable,moved,pathetic,toilet,spicy,ugliest,exemplary,fanatic,unbecoming,comical,unqualified,enough,malicious,closed,,,,,rigid,ingenious,rhythmical,gloomy,,unspeakable,limited,pressured
opposite,frequent,instinct,intentional,understanding,write,positive,melodramatic,special,hopeless,persuasive,generous,hostile,poetic,snow,,subjective,alien,green,buddy,,soju,sadness,faith,common,masked,sensual,sixty,other,heinous,lazy,unemployed,electronic,impressed,spatial,,hellish,trusted,doggy,spanish,,marine,deeper,safe,n,sixth,unlucky,caper,paradoxical,soloists,groundless,tough,lethal,corporal,dreamy,drugged,satisfied,military,yoon,rendezvous,rival,honor,solid,please,eating,,beloved,democratic,frog,heterosexual,breathless,stiff,mouth,available,extraordinary,unraveled,unfortunate,bong,salty,coolest,unbreakable,impulsive,lewd,gag,deficient,precious,unauthorized,isolated,,,,,unified,flamboyant,acoustic,unconvincing,,insurmountable,large,unwilling
western,sporadic,energetic,random,reveal,follow,negative,cliché,short,futile,dynamic,honest,unsympathetic,art,wet,,fragmentary,supernatural,thick,girlfriend,,rice,hatred,unconditional,natural,fistfight,sensuous,whopping,respective,barbaric,irresponsible,teen,manual,proud,schematic,,suspenseful,organized,infant,english,,ocean,balanced,active,ps,7th,disastrous,story,vicarious,concert,suppressed,chaotic,deadly,assistant,exquisite,sleepless,worried,psychological,mahjong,affair,unanswered,homecoming,brilliant,expected,grown,,leading,patriarchal,fox,gay,teary,rampant,needle,refined,thrilling,hit,unpleasant,iced,fluffy,happiest,invincible,psychopathic,hurtful,hilarious,unsatisfactory,sick,,torn,,,,,cohesive,playful,resonant,thin,,intolerable,vast,scrambled
outside,occasional,ambitious,coincidental,revealed,survive,flat,cliche,past,wasteful,refreshing,sympathetic,irritating,documentary,sunny,,confusing,immortal,yellow,bedside,,wine,anger,courageous,typical,shooting,flashy,thousand,distinct,inhumane,ignorant,child,digital,lucky,qualitative,,horror,supporting,orangutan,christian,,lake,lean,unattractive,brian,2nd,embarrassing,villainous,humanistic,piano,deceiving,messy,devastating,lady,harmonious,blindfolded,careful,domestic,ma,clingy,crown,centennial,outstanding,determined,carcinogenic,,controversial,capitalist,migratory,sex,expressionless,fiery,healing,summary,explosive,caught,weird,urine,cookie,sexiest,impeccable,alcoholic,vulgar,comedy,uncorrected,touching,,unidentified,,,,,systematic,unconventional,catchy,lethargic,,unheard,fair,threatening
upper,routine,diligent,unrelated,reminded,avoid,average,superficial,early,unbalanced,valuable,humble,stereotyped,subtitle,dusty,,dense,savior,naked,neighbor,,ramen,loneliness,honorable,possible,gun,rustic,forty,separate,filthy,blatant,elderly,audiovisual,embarrassed,nonlinear,,frightening,controlled,leopard,german,,aquatic,less,suitable,u,4th,humiliating,gangster,filial,flute,mistaken,unpredictable,irrevocable,nurse,sublime,drowsy,envious,religious,su,loveless,successive,tribute,fantastic,forbidden,diet,,prominent,orthodox,moose,porno,boisterous,stubborn,nasal,exclusive,unforgettable,stole,absurd,plastic,fragrant,,abundant,sadistic,obscene,comedian,unsuitable,pretty,,deserted,,,,,collaborative,eccentric,infectious,fragile,,unreal,actual,attempted
double,ritual,genius,unexplained,empathized,cherish,net,lame,due,burdensome,stimulating,talkative,sarcastic,biographical,desolate,,incomplete,robot,plain,dad,,seedless,sorrow,united,serious,tortured,stuffy,twentieth,divided,inhuman,greedy,racial,diary,thankful,mechanical,,horrifying,justified,chimpanzee,indian,,geothermal,uglier,sensitive,shit,eighth,beaten,costume,existential,samba,undermined,hectic,irreversible,admiral,sleepy,fainted,scared,foreign,wen,dating,duel,ceremonial,neat,prepared,freshness,,influential,progressive,crane,bisexual,emotionless,aggressive,deformed,thoroughly,remarkable,unfolded,ironic,poop,chili,,unshakable,possessive,sexist,animated,degraded,okay,,unfulfilled,,,,,transparent,rebellious,mellow,lukewarm,,imaginable,enormous,tried
traditional,continuous,competent,unwanted,symbolized,disassemble,static,trite,present,powerless,passionate,polite,stereotypical,poet,snowy,,tangled,mutant,gray,uncle,,pear,thirst,sacrificial,familiar,kill,trendy,seven,specific,abominable,reckless,maternal,video,ecstatic,technological,,gruesome,alienated,purebred,brazilian,,polar,lighter,reliable,nn,5th,agonizing,magician,primitive,maracas,concealed,unstable,adverse,suspect,glorious,disorientated,confident,general,pong,intimate,landslide,birthday,loved,keen,unprocessed,,veteran,terrorist,sheep,pedophile,cry,relentless,teeth,utilized,admirable,fought,pitiful,bottled,grilled,,unrivaled,demented,insulting,satirical,unsafe,secret,,unfinished,,,,,autonomous,wicked,synth,shaky,,eternity,total,threatened
giant,incessant,nimble,unwelcome,revealing,make,depressed,contrived,late,anachronistic,fascinating,thoughtful,rude,edited,soggy,,entangled,mythical,colored,remarried,,peanut,feelings,altruistic,extreme,murderous,contemporary,fifteen,parallel,uncivilized,cynical,autistic,laptop,ashamed,optical,,ominous,betrayed,tiger,russian,,creek,infinitely,essential,nth,1st,stinging,cast,bible,reed,misinterpret,sour,ill,technician,delightful,motionless,unfamiliar,private,yi,lover,beating,posthumous,incredible,asks,canned,,wealthy,radical,parasite,,frantic,ruthless,elastic,compressed,heroic,faced,bizarre,cherry,steamed,,indispensable,nerd,degrading,clown,lax,running,,wandering,,,,,secretive,mischievous,intro,inconsistent,,understatement,significant,hesitating
blind,nocturnal,crafty,irregular,understands,arrive,slight,repetitive,current,inefficient,enjoyable,empathetic,nosy,expressive,cloudy,,circumstantial,imaginary,bare,friend,,meat,guilt,nonviolent,overwhelming,cannibal,oriental,,synergy,torture,naive,migrant,mobile,fortunate,clinical,,eerie,accused,panda,italian,,tsunami,simpler,ideal,pronounced,ninth,damaging,tale,nature,organ,fabricated,troubled,traumatic,veterinarian,gorgeous,vomited,bored,nuclear,na,marital,unbeaten,,tremendous,planned,leftover,,prime,nationalistic,hunter,,thunderous,unstoppable,underarm,unbiased,epic,spent,shameful,lipstick,garlic,,incomparable,compulsive,racist,comedic,inadequate,fine,,exhausted,,,,,individualized,adorable,drumming,mediocre,,unthinkable,potential,struggled
narrow,uninterrupted,fluent,unexpectedly,translated,ignite,rapid,silly,complete,unreliable,satisfying,dignified,impolite,masterpiece,sandy,,hazy,cosmic,shiny,grandmother,,veal,trauma,dear,proper,grenade,aesthetic,,diverse,,helpless,adolescent,flash,regretful,empirical,,dystopian,remembered,toys,african,,thermal,shorter,effective,victorian,,upsetting,character,metaphorical,,misrepresented,ticklish,foreseen,negotiator,majestic,,frustrated,professional,soo,madly,takedown,,decent,intended,ate,,fellow,imperial,spear,,hug,speedy,armpit,customized,marvel,finished,rotten,disposable,flavorless,,undeniable,psychotic,indecent,heartwarming,lacked,rich,,scattered,,,,,coercive,youthful,psychedelic,feeble,,unfathomable,considerable,
central,monthly,defensive,unavoidable,describe,meet,steady,uninteresting,final,undervalued,innovative,relaxed,tactless,compositional,muddy,,blurry,universe,skinny,brother,,,antipathy,merciful,basic,knife,bohemian,,symbiotic,,incompetent,deaf,transmitted,pleased,causative,,morbid,involved,monkey,mexican,,submersible,thinly,capable,vietnamese,,,dialect,unchanging,,manipulated,precarious,uncontrolled,principal,graceful,,aware,local,jian,officiant,tilt,,awesome,recommended,nutritious,,elite,communist,deciduous,,outstretched,rugged,ultrasound,introductory,monumental,inserted,horrible,mint,crispy,,unwavering,paranoid,profane,monologue,defective,loose,,packed,,,,,cooperative,naughty,discordant,stingy,,impenetrable,exact,
front,unending,dexterous,uncommon,understand,become,moderate,pretentious,close,wasted,lively,likable,unapproachable,acrostic,tropical,,blurred,ancient,uniform,hometown,,,thrill,idealistic,pure,gang,authentic,,evolved,,unreasonable,teenage,dictionary,thrilled,causal,,lifelike,treated,,arab,,,happier,expensive,tic,,,climax,parasitic,,slanted,turbulent,catastrophic,librarian,sparkling,,confused,legal,jang,breakup,beat,,phenomenal,wanted,ripening,,amateur,neoliberal,eagle,,mute,formidable,tongue,optimized,unprecedented,created,ugly,straw,nibble,,unparalleled,delusional,harassing,lighthearted,unsound,busy,,missing,,,,,orderly,macho,drum,indecisive,,,reasonable,
crude,daytime,instinctive,unwitting,speaking,interfere,favorable,banal,recent,irrelevant,imaginative,sober,resentful,storytelling,sun,,contradictory,extraterrestrial,tall,divorced,,,feeling,brotherly,physical,mutiny,nostalgic,,dual,,hasty,adult,app,disgusted,computational,,surreal,working,,european,,,smarter,accurate,norwegian,,,nickname,generational,,discredited,rocky,chaos,graduate,shining,,unhappy,civil,nam,flirtatious,jinx,,unbelievable,chosen,processed,,lifelong,feminist,caterpillar,,hoarse,unrelenting,lymphatic,consumable,miraculous,stretched,shabby,boiling,sesame,,instant,workaholic,discriminatory,wacky,impaired,dirty,,crowded,,,,,centralized,adventurous,melodious,rusty,,,minimal,
mine,unceasing,gifted,unscheduled,expressed,learn,neutral,cliched,latter,hollow,impactful,motherly,adjective,abstract,foggy,,cluttered,nameless,marble,nephew,,,uneasiness,forgiveness,particular,bomb,masculine,,multiple,,petty,welfare,web,speechless,theoretical,,piteous,hated,,jewish,,,resilient,practical,itt,,,gisaeng,logic,,prejudiced,challenging,incurable,retired,joyous,,hopeful,cultural,fu,promiscuous,adrift,,superb,invited,plentiful,,embattled,anarchist,pheasant,,faint,insatiable,lubricating,sample,reminiscent,changed,nasty,bottle,brunch,,exceptional,maniacal,disrespectful,slapstick,substandard,clean,,crumpled,,,,,homogeneous,lovable,drummer,uneven,,,indirect,
distant,perpetual,shrewd,incidental,spelled,heal,unchanged,grandiose,open,unnecessarily,insightful,respectful,grumpy,retrospective,fog,,explanatory,omniscient,bald,niece,,,nostalgia,oppressed,major,slaughter,architectural,,intertwined,,crooked,parental,content,dumbfounded,terrestrial,,cathartic,devoted,,caribbean,,,fairer,satisfactory,→,,,melodrama,flesh,,tarnish,bumpy,ruinous,probationary,leisurely,,anxious,economic,kung,soulmate,winning,,flawless,permitted,domesticated,,aspiring,capitalistic,wolf,,fluttering,muscular,centrifugal,intensive,breathtaking,thrown,disgusting,itchy,porridge,,boundless,suicidal,offended,,,like,,overflowing,,,,,compliant,smiley,sounds,ragged,,,comparable,
survival,recurring,seasoned,unintended,told,lose,mild,trashy,entire,disorganized,entertaining,loving,sullen,novelist,damp,,opaque,psychic,stuffed,nanny,,,stress,servile,universal,vigilante,sleek,,complementary,,immature,underprivileged,text,heartbroken,macroscopic,,horrific,accountable,,swedish,,,durable,dependent,ryan,,,cameo,mainstream,,mislead,uncertain,disaster,specialist,joyful,,indifferent,international,yang,relationships,showdown,,guys,meant,consumed,,outspoken,republican,tree,,crying,monstrous,gastric,augmented,exhilarating,escaped,horrendous,soap,baked,,proven,disordered,,,,fast,,covered,,,,,formalized,sneaky,lyric,unsteady,,,equal,
promotional,unabated,skill,involuntary,mentioned,unite,unfavorable,soulless,subject,inconvenient,instructive,unpretentious,haughty,devotional,darkening,,descriptive,destiny,woven,newlywed,,,panic,sovereign,subtle,revenge,chic,,changing,,insincere,behavioral,portal,devastated,inorganic,,flashback,deeply,,nigerian,,,hotter,useful,conan,,,villain,materialistic,,deceived,volatile,blindness,lobbyist,sumptuous,,conscious,external,jeong,gossip,equalized,,worthy,granted,dried,,pioneering,soviet,dolphin,,goosebumps,virulent,rectal,corrected,dazzling,flew,unacceptable,deodorant,dessert,,inexhaustible,bipolar,,,,quick,,uninhabited,,,,,institutionalized,cleverly,bassy,upbeat,,,extra,
loop,periodic,unexperienced,unannounced,symbolize,give,modest,tedious,future,indistinguishable,concise,compassionate,antagonistic,chronological,sweaty,,unraveling,phantom,bulletproof,estranged,,,unpleasantness,obedient,urgent,unprovoked,classy,,geographical,,shameless,youth,wireless,relieved,genetic,,frightful,sympathized,,irish,,,nicer,harmful,ooh,,,hero,ugliness,,incorrect,arduous,epidemic,salesman,afterglow,,enthusiastic,ethical,kim,asexual,v,,underrated,want,recycled,,prestigious,reactionary,geese,,tremble,fervent,anal,integrated,historic,faded,depressing,bucket,pasta,,inseparable,madman,,,,mean,,unrecognized,,,,,hierarchical,quirky,disco,lousy,,,relative,
firm,,skilled,untimely,embodied,use,variable,gibberish,grand,unhealthy,fruitful,trustworthy,indignant,novels,springtime,,convoluted,holy,wear,boyfriend,,,helplessness,marginalized,plausible,attack,retro,,disparate,,irrational,immigrant,button,shocked,evolutionary,,spooky,supervised,,dutch,,,,alternative,reese,,,persona,dreams,,,heated,foreseeable,reporter,warmth,,annoyed,senior,yu,platonic,title,,best,chose,stimulated,,known,narcos,spiny,,scream,tenacious,genital,developed,superhuman,stopped,tasteless,candle,cucumber,,unbeatable,neurotic,,,,every,,burnt,,,,,selective,sly,folk,stumbling,,,insignificant,
native,,resourceful,unintentional,shared,keep,seasonal,hackneyed,initial,unproductive,transformational,lucid,spiteful,scenarist,smog,,unanswerable,mystical,padded,family,,,pain,revengeful,fundamental,raped,decadent,,identical,,perverted,hereditary,audio,amazed,epidemiological,,unnerving,oppose,,australian,,,,desirable,um,,,queen,sinful,,,stressful,acute,teacher,unspoiled,,concerned,rural,sam,monogamy,overcame,,liked,qualified,eat,,notorious,socialist,mulberry,,thud,unbridled,intervertebral,exhaustive,sensational,fallen,grotesque,ointment,glutinous,,unbroken,addicted,,,,super,,anonymous,,,,,intrusive,rascal,soulful,sluggish,,,massive,
omnibus,,dribble,uninvited,pointed,reject,narrowing,clichés,anticipated,cumbersome,pivotal,heartfelt,unruly,naturalistic,moist,,puzzle,heavenly,symmetrical,,,,emptiness,subordinate,minor,murdered,feminine,,evolving,,dumb,extracurricular,printing,saddened,atomic,,chilling,admired,,,,,,vulnerable,ha,,,episode,innate,,,exhausting,insured,burglar,luminous,,furious,technical,,,bye,,wow,inclined,eaten,,dubbed,subversive,forsythia,,smiling,voracious,cardiopulmonary,utilizes,noteworthy,watched,wretched,acrid,barbeque,,untold,phobia,,,,bottom,,cramped,,,,,harmonized,devilish,melodic,fading,,,sufficient,
electric,,versatile,inexplicable,conveys,woo,ebb,pedantic,timely,harmless,informative,eloquent,disorderly,autobiographical,winter,,unravels,mermaid,fitting,,,,joy,enemy,consistent,kidnapped,seductive,,irreconcilable,,unjust,birth,arcade,thank,temporal,,poignant,accepted,,,,,,unappealing,ok,,,nobleman,insidious,,,unpopular,illness,informant,tranquil,,complacent,internal,,,heavyweight,,marvelous,scheduled,allergic,,acclaimed,postwar,rabbit,,laughter,bloodthirsty,lung,feature,commendable,amassed,odd,yucky,mocha,,embodiment,antisocial,,,,else,,unrecognizable,,,,,holistic,impudent,dissonance,stagnant,,,fixed,
ski,,assertive,unplanned,sadi,scribble,fluctuating,stale,opening,unimportant,productive,frank,ungrateful,sculptures,barefoot,,muddled,sacred,triangular,,,,ecstasy,praiseworthy,ultimate,sniper,exotic,,diversity,,unsophisticated,poorest,synchronized,flattered,arithmetic,,visceral,charged,,,,,,wise,rachel,,,accent,dichotomous,,,acrimonious,tragedy,astronaut,scenic,,optimistic,environmental,,,round,,terrific,expecting,nutritional,,award,totalitarian,goldfish,,whistle,dominant,nostrils,unaudited,masterful,struck,disgraceful,squishy,chef,,unimpeachable,deviant,,,,back,,crushed,,,,,rigorous,chivalrous,,scratchy,,,gross,
underground,,ball,unanticipated,stressed,dwell,slim,overindulgent,later,bloated,inspirational,empathic,unfriendliness,epilogue,windy,,evasive,ninja,purple,,,,disgust,virtuous,key,stabbing,distinctive,,alternate,,corrupt,scholastic,delete,comforted,syntactic,,chillingly,infiltrated,,,,,,disadvantageous,et,,,reenactment,latent,,,divisive,crash,resident,sparkle,,cautious,medical,,,treble,,respectable,encouraging,cloned,,iconic,nationalist,tarantula,,danced,entrenched,annular,adapted,stunning,brought,shame,lick,pie,,impregnable,freak,,,,bubble,,overlooked,,,,,heterogeneous,thrifty,,weakly,,,excess,
material,,situational,,conveyed,deepen,steep,insipid,brief,worthless,compelling,chatty,intimidating,homily,moonlight,,swirling,sword,pale,,,,amusement,infirm,critical,,ostentatious,,vary,,hypocritical,developmental,scan,horrified,homologous,,dreamlike,investigating,,,,,,convenient,adrian,,,script,impure,,,thorny,immune,undercover,serene,,pessimistic,royal,,,jumper,,,invite,mixes,,unnamed,fratricidal,flower,,anguished,ferocious,torsional,refreshed,dizzying,switched,unforgivable,dunny,restaurant,,undisputed,schizophrenic,,,,tear,,swollen,,,,,fragmented,chubby,,lumpy,,,maximum,
south,,pedigree,,examines,spend,buoyant,unglamorous,upcoming,expendable,transformative,businesslike,vitriolic,cinematographic,temperate,,incoherent,reborn,accented,,,,adrenaline,warlike,objective,,tasteful,,split,,unethical,aboriginal,undeleted,consoled,planetary,,,victimized,,,,,,apt,★,,,tabloid,ephemeral,,,treacherous,contagious,fugitive,rapturous,,restless,global,,,maiden,,,eligible,,,longtime,rebel,nightcrawler,,trembling,forceful,pancreatic,rebuttal,notable,whipped,unseemly,chemical,feast,,enviable,lunatic,,,,foul,,ruined,,,,,inflexible,boyish,,wobble,,,minimum,
blank,,disciplined,,depict,leave,cyclical,mundane,extended,overspent,extraordinarily,attentive,cocky,directorial,steamy,,unmade,god,winged,,,,emotion,privileged,direct,,jean,,divergent,,cowardly,unmarried,tool,appalled,conceptual,,,blinded,,,,,,desired,biff,,,heroine,consumptive,,,touchy,deductible,thief,cathedral,,skeptical,ethnic,,,commanding,,,needed,,,cherished,repressive,turtle,,nodding,blunt,skull,unedited,colossal,folded,peculiar,pungent,cinnamon,,supreme,sane,,,,leap,,destroyed,,,,,seamless,frisky,,bleak,,,proportional,
near,,visionary,,visualized,seek,abated,escapist,lengthy,unproven,uniquely,approachable,inconsiderate,narration,sunlight,,muddle,curse,neon,,,,hangover,holiness,visible,,understated,,overlap,,arbitrary,gender,online,remorseful,logarithmic,,,sympathize,,,,,,prevalent,arabian,,,adventure,utopia,,,stormy,,referee,sunset,,overwhelmed,overseas,,,victory,,,,,,venerable,oppressive,honeybee,,chant,pounding,untwisted,expanded,meteoric,headed,outrageous,uncured,vegetarian,,immeasurable,psychos,,,,fate,,destroys,,,,,,earnestness,,tepid,,,additional,
sf,,inexperienced,,,gather,increased,euphemistic,official,utterly,truly,constructive,contemptuous,allegorical,sunshine,,jumble,earth,wooden,,,,,civilized,probable,,futuristic,,coexist,,scumbag,obese,contextual,blessed,science,,,disliked,,,,,,helpful,ctrl,,,remake,repressed,,,tumultuous,,electrician,languid,,irritated,presidential,,,finishing,,,,,,infamous,bourgeois,whelk,,crowd,spirited,aseptic,condensed,acrobatic,appeared,unflattering,handkerchiefs,spoonful,,unmatched,syndrome,,,,only,,crippled,,,,,,strangely,,somewhat,,,intangible,
grade,,deft,,,add,slowed,gratuitous,prior,flimsy,enlightening,genial,derisive,artist,dewy,,oblique,warrior,achromatic,,,,,impeachment,symbolic,,lightness,,myriad,,nonsense,puberty,viewing,distraught,linguistic,,,believed,,,,,,palatable,deus,,,playboy,consumeristic,,,troublesome,,operative,bustling,,fearful,industrial,,,,,,,,,coveted,authoritarian,butterfly,,greet,hardened,corona,modified,electrifying,played,awful,fountain,kitchen,,unquestioned,psycho,,,,quite,,idle,,,,,,cunning,,subpar,,,astronomical,
southern,,cerebral,,,imitate,upside,hyperbolic,following,misdirected,insight,unassuming,aloof,poems,chill,,fuzzy,devil,colorless,,,,,sainted,momentary,,casual,,varied,,heartless,steroid,console,appreciative,imprinting,,,supportive,,,,,,promising,haha,,,imdb,civilization,,,unenviable,,sergeant,blinding,,uneasy,financial,,,,,,,,,honorary,dictatorship,claws,,ringing,punishing,abdominal,depth,uncanny,recorded,untidy,ash,appetizing,,synonymous,asshole,,,,pop,,disappeared,,,,,,cheeky,,strained,,,mandatory,
solitary,,tempo,,,skip,unaffected,hoary,simultaneous,invalid,inspiring,agreeable,temper,impressionist,shivering,,unspecific,zombie,resemble,,,,,selfless,lingering,,funky,,intersect,,brazen,biracial,editing,,sociological,,,captive,,,,,,sensible,gael,,,prequel,madness,,,eventful,,missionary,majesty,,distressed,urban,,,,,,,,,lucrative,autocratic,wahoo,,crouch,fearsome,anaerobic,quality,,carried,horrid,stinky,spice,,limitless,,,,,touch,,locked,,,,,,intrepid,,uninspiring,,,plus,
atmosphere,,fearless,,,steal,downward,forgettable,formal,doomed,rewarding,jovial,disgruntled,pictorial,inhospitable,,murky,angelic,pink,,,,,persecuted,correct,,interior,,,,retarded,intersexual,memory,,fineness,,,interviewing,,,,,,acceptable,dc,,,rapper,ethic,,,prickly,,,grandeur,,thirsty,mutual,,,,,,,,,respected,proletarian,acorn,,exhale,stern,breast,,,called,fishy,scented,secondi,,utmost,,,,,bent,,abandoned,,,,,,stealthy,,choppy,,,corresponding,
auxiliary,,trained,,,soak,level,amateurish,reverse,nonexistent,,gregarious,smug,visualist,warmer,,obscure,heaven,silver,,,,,servant,noticeable,,cozy,,,,presumptuous,homeless,reading,,fusion,,,mocked,,,,,,suited,aber,,,filming,irony,,,,,,fairytale,,oblivious,civilian,,,,,,,,,naming,militia,magpie,,squeaky,stifling,pigmented,,,turned,dubious,sprayed,tasty,,untouchable,,,,,stop,,uncompleted,,,,,,foxy,,floundering,,,concentrated,
upright,,assiduous,,,reunite,sequential,reductive,temporary,unaffordable,,gracious,barbed,psychoanalytic,frosty,,maze,shamanistic,hairstyle,,,,,apostle,valid,,glamorous,,,,talentless,alli,mp3,,supermassive,,,pursued,,,,,,compatible,catholic,,,vampire,inexorable,,,,,,relaxing,,wary,pharmaceutical,,,,,,,,,avid,secular,seaweed,,clamorous,rabid,ears,,,degenerated,hideous,rubber,gravy,,,,,,,sign,,suspended,,,,,,boldness,,sickly,,,miscellaneous,
box,,finesse,,,untie,outpaced,crappy,oral,glorified,,considerate,forgetful,filmmaking,muggy,,inconclusive,demonic,cube,,,,,injustice,definite,,airy,,,,unfairness,childhood,analog,,geological,,,taught,,,,,,beneficial,oh,,,sequel,self,,,,,,carefree,,bewildered,humanitarian,,,,,,,,,prolific,fundamentalist,dinosaur,,howl,uncompromising,skin,,,departed,incongruous,octane,nutmeg,,,,,,,moving,,infected,,,,,,childlike,,unfocused,,,unspecified,
protective,,foresight,,,interact,rated,,progress,overambitious,,conversational,,improvisational,,,esoteric,genie,snowman,,,,,unforgotten,understandable,,dandy,,,,idiots,girls,radio,,analytical,,,trust,,,,,,resistant,=,,,madam,licentious,,,,,,radiant,,shy,judicial,,,,,,,,,recognizable,imperialist,octopus,,impassive,ruthlessness,belly,,,enjoyed,nauseating,carbonated,,,,,,,,overly,,collapsed,,,,,,manly,,lifeless,,,substantial,
attached,,,,,implement,percent,,joint,overkill,,truthful,,unsparing,,,misspelled,cyborg,framed,,,,,sacrifice,unclear,,tony,,,,indiscriminate,marijuana,photo,,geometric,,,respect,,,,,,problematic,sci,,,,vocabulary,,,,,,verdant,,convinced,educational,,,,,,,,,ex,,rockfish,,hush,frenzied,bleeding,,,bounded,appalling,acid,,,,,,,,just,,undone,,,,,,ungainly,,erratic,,,marginal,
horizontal,,,,,take,zero,,partial,misplaced,,introverted,,,,,,phoenix,telltale,,,,,freedom,mere,,spacious,,,,gullible,kindergarten,,,,,,supported,,,,,,ripe,fi,,,,postmodern,,,,,,idyllic,,dissatisfied,subprime,,,,,,,,,,,urchin,,thump,unprecedentedly,dimple,,,possessed,disturbing,wax,,,,,,,,flowing,,disconnected,,,,,,husky,,,,,finite,
alone,,,,,fix,lagging,,nationwide,outdated,,,,,,,,prophecy,exterior,,,,,enlightened,peripheral,,newness,,,,illogical,jobless,,,,,,dealt,,,,,,tolerable,yo,,,,unlearned,,,,,,mesmerizing,,frightened,investigative,,,,,,,,,,,seagull,,roaring,swift,suction,,,fired,unsavory,pebble,,,,,,,,hurt,,confined,,,,,,cuteness,,,,,impact,
table,,,,,revive,minus,,starting,extraneous,,,,,,,,spaceship,sturdy,,,,,rightful,inherent,,artisanal,,,,vindictive,multiracial,,,,,,adopted,,,,,,competitive,prima,,,,feminism,,,,,,wistful,,weary,salary,,,,,,,,,,,squid,,wiggling,,cancerous,,,sank,scathing,,,,,,,,,somewhere,,absent,,,,,,devious,,,,,underestimated,
tiny,,,,,drown,improved,,customary,counterproductive,,,,,,,,ancestral,tulip,,,,,meritorious,collective,,hyperrealistic,,,,misguided,,,,,,,applauded,,,,,,advantageous,deja,,,,primal,,,,,,starry,,impatient,corporate,,,,,,,,,,,fishless,,raucous,,legs,,,sent,sadder,,,,,,,,,come,,vacant,,,,,,grandmotherly,,,,,same,
cafe,,,,,maintain,peak,,subsequent,devalued,,,,,,,,mythological,petal,,,,,sagacious,primary,,novelty,,,,regressive,,,,,,,targeted,,,,,,fertile,w,,,,literal,,,,,,,,uninterested,salaried,,,,,,,,,,,archery,,,,eyelid,,,slotted,laughable,,,,,,,,,spare,,starved,,,,,,,,,,,cumulative,
directional,,,,,breathe,rose,,lasting,pointless,,,,,,,,medieval,angled,,,,,inviolable,verbal,,neoclassical,,,,rubbish,,,,,,,shunned,,,,,,economical,op,,,,laziness,,,,,,,,undaunted,indigenous,,,,,,,,,,,,,,,regenerative,,,acquired,shitty,,,,,,,,,swear,,unexploded,,,,,,,,,,,commensurate,
outer,,,,,enrich,,,aforementioned,underutilized,,,,,,,,samurai,engraved,,,,,deserving,broad,,femme,,,,unwarranted,,,,,,,affiliated,,,,,,formable,jb,,,,unbound,,,,,,,,flustered,metropolitan,,,,,,,,,,,,,,,lens,,,matched,unfitting,,,,,,,,,stuck,,polluted,,,,,,,,,,,accumulated,
cloud,,,,,reconcile,,,unofficial,blackhole,,,,,,,,faraway,tuxedo,,,,,justice,crucial,,rave,,,,fool,,,,,,,groomed,,,,,,unfeasible,ipod,,,,millennial,,,,,,,,accustomed,agricultural,,,,,,,,,,,,,,,arm,,,invented,repulsive,,,,,,,,,fight,,rebuilt,,,,,,,,,,,unrealized,
synchro,,,,,sew,,,resulting,unscientific,,,,,,,,mystic,imprinted,,,,,tyrant,logical,,sexiness,,,,harshly,,,,,,,instrumental,,,,,,feasible,pere,,,,fandom,,,,,,,,unprepared,medicine,,,,,,,,,,,,,,,liver,,,saw,,,,,,,,,,fan,,neglected,,,,,,,,,,,reduced,
flow,,,,,undergo,,,thatthe,overloaded,,,,,,,,demon,emerald,,,,,humanly,explicit,,antique,,,,unilateral,,,,,,,criticized,,,,,,adaptable,nadine,,,,doctrinal,,,,,,,,vigilant,strategic,,,,,,,,,,,,,,,anesthetic,,,led,,,,,,,,,,pinch,,unprotected,,,,,,,,,,,calculated,
umbrella,,,,,accumulate,,,beginning,unwinnable,,,,,,,,exorcist,wrinkled,,,,,shepherd,straightforward,,lifestyle,,,,opportunist,,,,,,,,,,,,,opportune,uhm,,,,unexpressed,,,,,,,,terrified,regional,,,,,,,,,,,,,,,acne,,,rolled,,,,,,,,,,ripple,,shriveled,,,,,,,,,,,applicable,
nearby,,,,,contribute,,,ends,corrupted,,,,,,,,angel,crystal,,,,,,proof,,uniqueness,,,,elitist,,,,,,,,,,,,,controllable,asa,,,,taboo,,,,,,,,displeased,occupational,,,,,,,,,,,,,,,spine,,,exploded,,,,,,,,,,your,,repaired,,,,,,,,,,,related,
academy,,,,,protect,,,which,devoid,,,,,,,,celestial,worn,,,,,,precise,,affluent,,,,tantamount,,,,,,,,,,,,,appealing,marian,,,,spirit,,,,,,,,doubtful,academic,,,,,,,,,,,,,,,menstrual,,,kept,,,,,,,,,,drifting,,clogged,,,,,,,,,,,dwarfed,
cross,,,,,immerse,,,annual,illusory,,,,,,,,pirate,tattooed,,,,,,tacit,,stylishness,,,,foolishly,,,,,,,,,,,,,desirous,persian,,,,impulse,,,,,,,,ambivalent,civic,,,,,,,,,,,,,,,amniotic,,,chopped,,,,,,,,,,somehow,,depleted,,,,,,,,,,,unimpaired,
_,,,,,covet,,,holiday,unsustainable,,,,,,,,earthly,handwritten,,,,,,characteristic,,polished,,,,recklessness,,,,,,,,,,,,,workable,zz,,,,reflexive,,,,,,,,fascinated,tribal,,,,,,,,,,,,,,,weightless,,,scouted,,,,,,,,,,notice,,habitable,,,,,,,,,,,scale,
boundary,,,,,utilize,,,autumn,,,,,,,,,mythology,curly,,,,,,implicit,,unadorned,,,,spineless,,,,,,,,,,,,,prone,☆,,,,enlightenment,,,,,,,,unaware,diplomatic,,,,,,,,,,,,,,,optic,,,worked,,,,,,,,,,frown,,unharmed,,,,,,,,,,,equivalent,
people,,,,,prevent,,,preceding,,,,,,,,,biblical,acrylic,,,,,,profound,,artful,,,,hypocrisy,,,,,,,,,,,,,susceptible,×,,,,unutterable,,,,,,,,enamored,provincial,,,,,,,,,,,,,,,tummy,,,noticed,,,,,,,,,,coming,,damaged,,,,,,,,,,,consideration,
side,,,,,create,,,relief,,,,,,,,,interstellar,trim,,,,,,widespread,,snob,,,,speculative,,,,,,,,,,,,,marketable,syrian,,,,misogyny,,,,,,,,panicked,multinational,,,,,,,,,,,,,,,wrist,,,saved,,,,,,,,,,passing,,deleted,,,,,,,,,,,upfront,
outward,,,,,beautify,,,pm,,,,,,,,,unseen,mirror,,,,,,immediate,,style,,,,misbehavior,,,,,,,,,,,,,,xx,,,,beliefs,,,,,,,,reassured,divisional,,,,,,,,,,,,,,,thigh,,,materialized,,,,,,,,,,wait,,surrounded,,,,,,,,,,,permissible,
taxi,,,,,dispense,,,draft,,,,,,,,,teleportation,patterned,,,,,,apparent,,eclectic,,,,selfishly,,,,,,,,,,,,,,ost,,,,utopian,,,,,,,,picky,neighboring,,,,,,,,,,,,,,,diseased,,,drawn,,,,,,,,,,parting,,unsolved,,,,,,,,,,,excluding,
downtown,,,,,unfold,,,overthe,,,,,,,,,mortal,octagonal,,,,,,such,,angular,,,,unobjective,,,,,,,,,,,,,,hawaiian,,,,pessimist,,,,,,,,insistent,communal,,,,,,,,,,,,,,,forehead,,,planted,,,,,,,,,,act,,rotting,,,,,,,,,,,negligible,
crew,,,,,ignore,,,winding,,,,,,,,,dragon,hexagonal,,,,,,legitimate,,pricey,,,,predatory,,,,,,,,,,,,,,melo,,,,instinctively,,,,,,,,unexcited,constitutional,,,,,,,,,,,,,,,lip,,,,,,,,,,,,,stick,,unexplored,,,,,,,,,,,classified,
festival,,,,,unravel,,,evening,,,,,,,,,ghostly,tan,,,,,,purposeful,,prim,,,,ulterior,,,,,,,,,,,,,,alpha,,,,culture,,,,,,,,superstitious,parliamentary,,,,,,,,,,,,,,,,,,,,,,,,,,,,loophole,,occupied,,,,,,,,,,,criteria,
athletic,,,,,fester,,,between,,,,,,,,,,superimposed,,,,,,credible,,twisty,,,,overpaid,,,,,,,,,,,,,,jason,,,,subjectively,,,,,,,,grumble,institutional,,,,,,,,,,,,,,,,,,,,,,,,,,,,dope,,bankrupt,,,,,,,,,,,comparative,
junior,,,,,pour,,,start,,,,,,,,,,boxy,,,,,,reassuring,,charm,,,,careless,,,,,,,,,,,,,,bb,,,,fetish,,,,,,,,agitated,pastoral,,,,,,,,,,,,,,,,,,,,,,,,,,,,someday,,withered,,,,,,,,,,,exempt,
gold,,,,,enjoy,,,amidst,,,,,,,,,,striped,,,,,,fleeting,,extravagant,,,,imprudent,,,,,,,,,,,,,,en,,,,selfishness,,,,,,,,despondent,farming,,,,,,,,,,,,,,,,,,,,,,,,,,,,call,,unattended,,,,,,,,,,,hypothetical,
northern,,,,,impress,,,informal,,,,,,,,,,miniature,,,,,,deliberate,,aristocratic,,,,mindless,,,,,,,,,,,,,,mal,,,,ego,,,,,,,,puzzled,administrative,,,,,,,,,,,,,,,,,,,,,,,,,,,,pressing,,saturated,,,,,,,,,,,valued,
height,,,,,swallow,,,mid,,,,,,,,,,wearing,,,,,,starkly,,artisan,,,,willful,,,,,,,,,,,,,,messi,,,,dogmatic,,,,,,,,receptive,partisan,,,,,,,,,,,,,,,,,,,,,,,,,,,,spread,,unopened,,,,,,,,,,,calculating,
background,,,,,assume,,,set,,,,,,,,,,webbed,,,,,,justifiable,,nightlife,,,,bluffing,,,,,,,,,,,,,,ppa,,,,innermost,,,,,,,,coy,residential,,,,,,,,,,,,,,,,,,,,,,,,,,,,flying,,unsold,,,,,,,,,,,residual,
vertical,,,,,ruin,,,the,,,,,,,,,,,,,,,,feigned,,fashionable,,,,infantile,,,,,,,,,,,,,,c,,,,pretense,,,,,,,,,engagement,,,,,,,,,,,,,,,,,,,,,,,,,,,,sometimes,,uncounted,,,,,,,,,,,retrospectively,
backward,,,,,adjust,,,hearing,,,,,,,,,,,,,,,,striking,,luxuriousness,,,,unjustifiable,,,,,,,,,,,,,,x,,,,devolving,,,,,,,,,workplace,,,,,,,,,,,,,,,,,,,,,,,,,,,,nail,,,,,,,,,,,,,,
imax,,,,,vanish,,,prompt,,,,,,,,,,,,,,,,denial,,wholesome,,,,thoughtless,,,,,,,,,,,,,,google,,,,degenerate,,,,,,,,,deepening,,,,,,,,,,,,,,,,,,,,,,,,,,,,not,,,,,,,,,,,,,,
proxy,,,,,awaken,,,till,,,,,,,,,,,,,,,,ostensible,,,,,,unprincipled,,,,,,,,,,,,,,duncan,,,,ascetic,,,,,,,,,geopolitical,,,,,,,,,,,,,,,,,,,,,,,,,,,,imposing,,,,,,,,,,,,,,
hybrid,,,,,hear,,,end,,,,,,,,,,,,,,,,unconfirmed,,,,,,,,,,,,,,,,,,,,ing,,,,intrinsic,,,,,,,,,embassy,,,,,,,,,,,,,,,,,,,,,,,,,,,,tide,,,,,,,,,,,,,,
secondary,,,,,listen,,,overdue,,,,,,,,,,,,,,,,worrisome,,,,,,,,,,,,,,,,,,,,b,,,,unbelief,,,,,,,,,knowledge,,,,,,,,,,,,,,,,,,,,,,,,,,,,nick,,,,,,,,,,,,,,
ukrainian,,,,,,,,_a,,,,,,,,,,,,,,,,element,,,,,,,,,,,,,,,,,,,,austrian,,,,dichotomy,,,,,,,,,capital,,,,,,,,,,,,,,,,,,,,,,,,,,,,turning,,,,,,,,,,,,,,
enclosed,,,,,,,,preliminary,,,,,,,,,,,,,,,,question,,,,,,,,,,,,,,,,,,,,nazi,,,,abyss,,,,,,,,,grassroots,,,,,,,,,,,,,,,,,,,,,,,,,,,,stepping,,,,,,,,,,,,,,
concrete,,,,,,,,ongoing,,,,,,,,,,,,,,,,underlying,,,,,,,,,,,,,,,,,,,,ral,,,,imagination,,,,,,,,,bilateral,,,,,,,,,,,,,,,,,,,,,,,,,,,,wishlist,,,,,,,,,,,,,,
purpose,,,,,,,,time,,,,,,,,,,,,,,,,focal,,,,,,,,,,,,,,,,,,,,a4,,,,parable,,,,,,,,,recreational,,,,,,,,,,,,,,,,,,,,,,,,,,,,hate,,,,,,,,,,,,,,
outdoor,,,,,,,,unfolding,,,,,,,,,,,,,,,,palpable,,,,,,,,,,,,,,,,,,,,soooooo,,,,dehumanized,,,,,,,,,expeditionary,,,,,,,,,,,,,,,,,,,,,,,,,,,,trouble,,,,,,,,,,,,,,
triple,,,,,,,,ups,,,,,,,,,,,,,,,,preemptive,,,,,,,,,,,,,,,,,,,,mung,,,,subconscious,,,,,,,,,organizational,,,,,,,,,,,,,,,,,,,,,,,,,,,,screw,,,,,,,,,,,,,,
textbook,,,,,,,,their,,,,,,,,,,,,,,,,amongst,,,,,,,,,,,,,,,,,,,,natalie,,,,unchangeable,,,,,,,,,,,,,,,,,,,,,,,,,,,,,,,,,,,,,pick,,,,,,,,,,,,,,
pen,,,,,,,,anew,,,,,,,,,,,,,,,,implied,,,,,,,,,,,,,,,,,,,,x2,,,,rationalist,,,,,,,,,,,,,,,,,,,,,,,,,,,,,,,,,,,,,so,,,,,,,,,,,,,,
prize,,,,,,,,surrounding,,,,,,,,,,,,,,,,weighty,,,,,,,,,,,,,,,,,,,,cg,,,,cynic,,,,,,,,,,,,,,,,,,,,,,,,,,,,,,,,,,,,,facing,,,,,,,,,,,,,,
head,,,,,,,,ending,,,,,,,,,,,,,,,,amplified,,,,,,,,,,,,,,,,,,,,jamaican,,,,preconceived,,,,,,,,,,,,,,,,,,,,,,,,,,,,,,,,,,,,,trap,,,,,,,,,,,,,,
stationary,,,,,,,,permanent,,,,,,,,,,,,,,,,suggestive,,,,,,,,,,,,,,,,,,,,tada,,,,warped,,,,,,,,,,,,,,,,,,,,,,,,,,,,,,,,,,,,,rolling,,,,,,,,,,,,,,
airborne,,,,,,,,atthis,,,,,,,,,,,,,,,,pervasive,,,,,,,,,,,,,,,,,,,,gl,,,,fad,,,,,,,,,,,,,,,,,,,,,,,,,,,,,,,,,,,,,push,,,,,,,,,,,,,,
rental,,,,,,,,earnest,,,,,,,,,,,,,,,,presumed,,,,,,,,,,,,,,,,,,,,amy,,,,,,,,,,,,,,,,,,,,,,,,,,,,,,,,,,,,,,,,,screwed,,,,,,,,,,,,,,
hockey,,,,,,,,,,,,,,,,,,,,,,,,sole,,,,,,,,,,,,,,,,,,,,hmm,,,,,,,,,,,,,,,,,,,,,,,,,,,,,,,,,,,,,,,,,are,,,,,,,,,,,,,,
unsmooth,,,,,,,,,,,,,,,,,,,,,,,,vital,,,,,,,,,,,,,,,,,,,,snl,,,,,,,,,,,,,,,,,,,,,,,,,,,,,,,,,,,,,,,,,rush,,,,,,,,,,,,,,
rooftop,,,,,,,,,,,,,,,,,,,,,,,,veiled,,,,,,,,,,,,,,,,,,,,mary,,,,,,,,,,,,,,,,,,,,,,,,,,,,,,,,,,,,,,,,,even,,,,,,,,,,,,,,
type,,,,,,,,,,,,,,,,,,,,,,,,clearly,,,,,,,,,,,,,,,,,,,,egyptian,,,,,,,,,,,,,,,,,,,,,,,,,,,,,,,,,,,,,,,,,luck,,,,,,,,,,,,,,
circular,,,,,,,,,,,,,,,,,,,,,,,,evident,,,,,,,,,,,,,,,,,,,,whatcha,,,,,,,,,,,,,,,,,,,,,,,,,,,,,,,,,,,,,,,,,snowball,,,,,,,,,,,,,,
method,,,,,,,,,,,,,,,,,,,,,,,,nagging,,,,,,,,,,,,,,,,,,,,,,,,,,,,,,,,,,,,,,,,,,,,,,,,,,,,,,,,,,,,,fighting,,,,,,,,,,,,,,
inside,,,,,,,,,,,,,,,,,,,,,,,,genuine,,,,,,,,,,,,,,,,,,,,,,,,,,,,,,,,,,,,,,,,,,,,,,,,,,,,,,,,,,,,,look,,,,,,,,,,,,,,
subway,,,,,,,,,,,,,,,,,,,,,,,,,,,,,,,,,,,,,,,,,,,,,,,,,,,,,,,,,,,,,,,,,,,,,,,,,,,,,,,,,,,,,slap,,,,,,,,,,,,,,
overnight,,,,,,,,,,,,,,,,,,,,,,,,,,,,,,,,,,,,,,,,,,,,,,,,,,,,,,,,,,,,,,,,,,,,,,,,,,,,,,,,,,,,,nowhere,,,,,,,,,,,,,,
locomotive,,,,,,,,,,,,,,,,,,,,,,,,,,,,,,,,,,,,,,,,,,,,,,,,,,,,,,,,,,,,,,,,,,,,,,,,,,,,,,,,,,,,,own,,,,,,,,,,,,,,
ballistic,,,,,,,,,,,,,,,,,,,,,,,,,,,,,,,,,,,,,,,,,,,,,,,,,,,,,,,,,,,,,,,,,,,,,,,,,,,,,,,,,,,,,wrapping,,,,,,,,,,,,,,
hive,,,,,,,,,,,,,,,,,,,,,,,,,,,,,,,,,,,,,,,,,,,,,,,,,,,,,,,,,,,,,,,,,,,,,,,,,,,,,,,,,,,,,seem,,,,,,,,,,,,,,
square,,,,,,,,,,,,,,,,,,,,,,,,,,,,,,,,,,,,,,,,,,,,,,,,,,,,,,,,,,,,,,,,,,,,,,,,,,,,,,,,,,,,,scoop,,,,,,,,,,,,,,
manchurian,,,,,,,,,,,,,,,,,,,,,,,,,,,,,,,,,,,,,,,,,,,,,,,,,,,,,,,,,,,,,,,,,,,,,,,,,,,,,,,,,,,,,breathes,,,,,,,,,,,,,,
hubble,,,,,,,,,,,,,,,,,,,,,,,,,,,,,,,,,,,,,,,,,,,,,,,,,,,,,,,,,,,,,,,,,,,,,,,,,,,,,,,,,,,,,untied,,,,,,,,,,,,,,
shadow,,,,,,,,,,,,,,,,,,,,,,,,,,,,,,,,,,,,,,,,,,,,,,,,,,,,,,,,,,,,,,,,,,,,,,,,,,,,,,,,,,,,,disconnect,,,,,,,,,,,,,,
learning,,,,,,,,,,,,,,,,,,,,,,,,,,,,,,,,,,,,,,,,,,,,,,,,,,,,,,,,,,,,,,,,,,,,,,,,,,,,,,,,,,,,,tonight,,,,,,,,,,,,,,
baduk,,,,,,,,,,,,,,,,,,,,,,,,,,,,,,,,,,,,,,,,,,,,,,,,,,,,,,,,,,,,,,,,,,,,,,,,,,,,,,,,,,,,,shoot,,,,,,,,,,,,,,
outof,,,,,,,,,,,,,,,,,,,,,,,,,,,,,,,,,,,,,,,,,,,,,,,,,,,,,,,,,,,,,,,,,,,,,,,,,,,,,,,,,,,,,guess,,,,,,,,,,,,,,
counterclockwise,,,,,,,,,,,,,,,,,,,,,,,,,,,,,,,,,,,,,,,,,,,,,,,,,,,,,,,,,,,,,,,,,,,,,,,,,,,,,,,,,,,,,stray,,,,,,,,,,,,,,
seat,,,,,,,,,,,,,,,,,,,,,,,,,,,,,,,,,,,,,,,,,,,,,,,,,,,,,,,,,,,,,,,,,,,,,,,,,,,,,,,,,,,,,too,,,,,,,,,,,,,,
overflow,,,,,,,,,,,,,,,,,,,,,,,,,,,,,,,,,,,,,,,,,,,,,,,,,,,,,,,,,,,,,,,,,,,,,,,,,,,,,,,,,,,,,watching,,,,,,,,,,,,,,
airlift,,,,,,,,,,,,,,,,,,,,,,,,,,,,,,,,,,,,,,,,,,,,,,,,,,,,,,,,,,,,,,,,,,,,,,,,,,,,,,,,,,,,,forgetting,,,,,,,,,,,,,,
scraper,,,,,,,,,,,,,,,,,,,,,,,,,,,,,,,,,,,,,,,,,,,,,,,,,,,,,,,,,,,,,,,,,,,,,,,,,,,,,,,,,,,,,sight,,,,,,,,,,,,,,
tteok,,,,,,,,,,,,,,,,,,,,,,,,,,,,,,,,,,,,,,,,,,,,,,,,,,,,,,,,,,,,,,,,,,,,,,,,,,,,,,,,,,,,,bugging,,,,,,,,,,,,,,
felling,,,,,,,,,,,,,,,,,,,,,,,,,,,,,,,,,,,,,,,,,,,,,,,,,,,,,,,,,,,,,,,,,,,,,,,,,,,,,,,,,,,,,tactic,,,,,,,,,,,,,,
foot,,,,,,,,,,,,,,,,,,,,,,,,,,,,,,,,,,,,,,,,,,,,,,,,,,,,,,,,,,,,,,,,,,,,,,,,,,,,,,,,,,,,,kick,,,,,,,,,,,,,,
isthe,,,,,,,,,,,,,,,,,,,,,,,,,,,,,,,,,,,,,,,,,,,,,,,,,,,,,,,,,,,,,,,,,,,,,,,,,,,,,,,,,,,,,fit,,,,,,,,,,,,,,
signboard,,,,,,,,,,,,,,,,,,,,,,,,,,,,,,,,,,,,,,,,,,,,,,,,,,,,,,,,,,,,,,,,,,,,,,,,,,,,,,,,,,,,,frankly,,,,,,,,,,,,,,
cave,,,,,,,,,,,,,,,,,,,,,,,,,,,,,,,,,,,,,,,,,,,,,,,,,,,,,,,,,,,,,,,,,,,,,,,,,,,,,,,,,,,,,completely,,,,,,,,,,,,,,
freshman,,,,,,,,,,,,,,,,,,,,,,,,,,,,,,,,,,,,,,,,,,,,,,,,,,,,,,,,,,,,,,,,,,,,,,,,,,,,,,,,,,,,,squeezing,,,,,,,,,,,,,,
contact,,,,,,,,,,,,,,,,,,,,,,,,,,,,,,,,,,,,,,,,,,,,,,,,,,,,,,,,,,,,,,,,,,,,,,,,,,,,,,,,,,,,,prospect,,,,,,,,,,,,,,
origin,,,,,,,,,,,,,,,,,,,,,,,,,,,,,,,,,,,,,,,,,,,,,,,,,,,,,,,,,,,,,,,,,,,,,,,,,,,,,,,,,,,,,suddenly,,,,,,,,,,,,,,
lukewarmly,,,,,,,,,,,,,,,,,,,,,,,,,,,,,,,,,,,,,,,,,,,,,,,,,,,,,,,,,,,,,,,,,,,,,,,,,,,,,,,,,,,,,bonus,,,,,,,,,,,,,,
rear,,,,,,,,,,,,,,,,,,,,,,,,,,,,,,,,,,,,,,,,,,,,,,,,,,,,,,,,,,,,,,,,,,,,,,,,,,,,,,,,,,,,,warning,,,,,,,,,,,,,,
hotest,,,,,,,,,,,,,,,,,,,,,,,,,,,,,,,,,,,,,,,,,,,,,,,,,,,,,,,,,,,,,,,,,,,,,,,,,,,,,,,,,,,,,sucking,,,,,,,,,,,,,,
franchise,,,,,,,,,,,,,,,,,,,,,,,,,,,,,,,,,,,,,,,,,,,,,,,,,,,,,,,,,,,,,,,,,,,,,,,,,,,,,,,,,,,,,cut,,,,,,,,,,,,,,
generic,,,,,,,,,,,,,,,,,,,,,,,,,,,,,,,,,,,,,,,,,,,,,,,,,,,,,,,,,,,,,,,,,,,,,,,,,,,,,,,,,,,,,dump,,,,,,,,,,,,,,
freudian,,,,,,,,,,,,,,,,,,,,,,,,,,,,,,,,,,,,,,,,,,,,,,,,,,,,,,,,,,,,,,,,,,,,,,,,,,,,,,,,,,,,,behind,,,,,,,,,,,,,,
form,,,,,,,,,,,,,,,,,,,,,,,,,,,,,,,,,,,,,,,,,,,,,,,,,,,,,,,,,,,,,,,,,,,,,,,,,,,,,,,,,,,,,break,,,,,,,,,,,,,,
theme,,,,,,,,,,,,,,,,,,,,,,,,,,,,,,,,,,,,,,,,,,,,,,,,,,,,,,,,,,,,,,,,,,,,,,,,,,,,,,,,,,,,,well,,,,,,,,,,,,,,
skating,,,,,,,,,,,,,,,,,,,,,,,,,,,,,,,,,,,,,,,,,,,,,,,,,,,,,,,,,,,,,,,,,,,,,,,,,,,,,,,,,,,,,anywhere,,,,,,,,,,,,,,
properly,,,,,,,,,,,,,,,,,,,,,,,,,,,,,,,,,,,,,,,,,,,,,,,,,,,,,,,,,,,,,,,,,,,,,,,,,,,,,,,,,,,,,scaring,,,,,,,,,,,,,,
bus,,,,,,,,,,,,,,,,,,,,,,,,,,,,,,,,,,,,,,,,,,,,,,,,,,,,,,,,,,,,,,,,,,,,,,,,,,,,,,,,,,,,,forever,,,,,,,,,,,,,,
▶,,,,,,,,,,,,,,,,,,,,,,,,,,,,,,,,,,,,,,,,,,,,,,,,,,,,,,,,,,,,,,,,,,,,,,,,,,,,,,,,,,,,,ehem,,,,,,,,,,,,,,
intermediary,,,,,,,,,,,,,,,,,,,,,,,,,,,,,,,,,,,,,,,,,,,,,,,,,,,,,,,,,,,,,,,,,,,,,,,,,,,,,,,,,,,,,scramble,,,,,,,,,,,,,,
performing,,,,,,,,,,,,,,,,,,,,,,,,,,,,,,,,,,,,,,,,,,,,,,,,,,,,,,,,,,,,,,,,,,,,,,,,,,,,,,,,,,,,,filling,,,,,,,,,,,,,,
psychodelic,,,,,,,,,,,,,,,,,,,,,,,,,,,,,,,,,,,,,,,,,,,,,,,,,,,,,,,,,,,,,,,,,,,,,,,,,,,,,,,,,,,,,lift,,,,,,,,,,,,,,
alley,,,,,,,,,,,,,,,,,,,,,,,,,,,,,,,,,,,,,,,,,,,,,,,,,,,,,,,,,,,,,,,,,,,,,,,,,,,,,,,,,,,,,statistic,,,,,,,,,,,,,,
uphill,,,,,,,,,,,,,,,,,,,,,,,,,,,,,,,,,,,,,,,,,,,,,,,,,,,,,,,,,,,,,,,,,,,,,,,,,,,,,,,,,,,,,likes,,,,,,,,,,,,,,
0th,,,,,,,,,,,,,,,,,,,,,,,,,,,,,,,,,,,,,,,,,,,,,,,,,,,,,,,,,,,,,,,,,,,,,,,,,,,,,,,,,,,,,damn,,,,,,,,,,,,,,
living,,,,,,,,,,,,,,,,,,,,,,,,,,,,,,,,,,,,,,,,,,,,,,,,,,,,,,,,,,,,,,,,,,,,,,,,,,,,,,,,,,,,,row,,,,,,,,,,,,,,
airplane,,,,,,,,,,,,,,,,,,,,,,,,,,,,,,,,,,,,,,,,,,,,,,,,,,,,,,,,,,,,,,,,,,,,,,,,,,,,,,,,,,,,,alert,,,,,,,,,,,,,,
weight,,,,,,,,,,,,,,,,,,,,,,,,,,,,,,,,,,,,,,,,,,,,,,,,,,,,,,,,,,,,,,,,,,,,,,,,,,,,,,,,,,,,,speeding,,,,,,,,,,,,,,
mongolian,,,,,,,,,,,,,,,,,,,,,,,,,,,,,,,,,,,,,,,,,,,,,,,,,,,,,,,,,,,,,,,,,,,,,,,,,,,,,,,,,,,,,,,,,,,,,,,,,,,
rickshaw,,,,,,,,,,,,,,,,,,,,,,,,,,,,,,,,,,,,,,,,,,,,,,,,,,,,,,,,,,,,,,,,,,,,,,,,,,,,,,,,,,,,,,,,,,,,,,,,,,,
postcard,,,,,,,,,,,,,,,,,,,,,,,,,,,,,,,,,,,,,,,,,,,,,,,,,,,,,,,,,,,,,,,,,,,,,,,,,,,,,,,,,,,,,,,,,,,,,,,,,,,
guard,,,,,,,,,,,,,,,,,,,,,,,,,,,,,,,,,,,,,,,,,,,,,,,,,,,,,,,,,,,,,,,,,,,,,,,,,,,,,,,,,,,,,,,,,,,,,,,,,,,
parachute,,,,,,,,,,,,,,,,,,,,,,,,,,,,,,,,,,,,,,,,,,,,,,,,,,,,,,,,,,,,,,,,,,,,,,,,,,,,,,,,,,,,,,,,,,,,,,,,,,,
forth,,,,,,,,,,,,,,,,,,,,,,,,,,,,,,,,,,,,,,,,,,,,,,,,,,,,,,,,,,,,,,,,,,,,,,,,,,,,,,,,,,,,,,,,,,,,,,,,,,,
window,,,,,,,,,,,,,,,,,,,,,,,,,,,,,,,,,,,,,,,,,,,,,,,,,,,,,,,,,,,,,,,,,,,,,,,,,,,,,,,,,,,,,,,,,,,,,,,,,,,
itin,,,,,,,,,,,,,,,,,,,,,,,,,,,,,,,,,,,,,,,,,,,,,,,,,,,,,,,,,,,,,,,,,,,,,,,,,,,,,,,,,,,,,,,,,,,,,,,,,,,
bituminous,,,,,,,,,,,,,,,,,,,,,,,,,,,,,,,,,,,,,,,,,,,,,,,,,,,,,,,,,,,,,,,,,,,,,,,,,,,,,,,,,,,,,,,,,,,,,,,,,,,
tour,,,,,,,,,,,,,,,,,,,,,,,,,,,,,,,,,,,,,,,,,,,,,,,,,,,,,,,,,,,,,,,,,,,,,,,,,,,,,,,,,,,,,,,,,,,,,,,,,,,
sewing,,,,,,,,,,,,,,,,,,,,,,,,,,,,,,,,,,,,,,,,,,,,,,,,,,,,,,,,,,,,,,,,,,,,,,,,,,,,,,,,,,,,,,,,,,,,,,,,,,,
bridge,,,,,,,,,,,,,,,,,,,,,,,,,,,,,,,,,,,,,,,,,,,,,,,,,,,,,,,,,,,,,,,,,,,,,,,,,,,,,,,,,,,,,,,,,,,,,,,,,,,
unsymmetrical,,,,,,,,,,,,,,,,,,,,,,,,,,,,,,,,,,,,,,,,,,,,,,,,,,,,,,,,,,,,,,,,,,,,,,,,,,,,,,,,,,,,,,,,,,,,,,,,,,,
setup,,,,,,,,,,,,,,,,,,,,,,,,,,,,,,,,,,,,,,,,,,,,,,,,,,,,,,,,,,,,,,,,,,,,,,,,,,,,,,,,,,,,,,,,,,,,,,,,,,,
neti,,,,,,,,,,,,,,,,,,,,,,,,,,,,,,,,,,,,,,,,,,,,,,,,,,,,,,,,,,,,,,,,,,,,,,,,,,,,,,,,,,,,,,,,,,,,,,,,,,,
penetrating,,,,,,,,,,,,,,,,,,,,,,,,,,,,,,,,,,,,,,,,,,,,,,,,,,,,,,,,,,,,,,,,,,,,,,,,,,,,,,,,,,,,,,,,,,,,,,,,,,,
electrical,,,,,,,,,,,,,,,,,,,,,,,,,,,,,,,,,,,,,,,,,,,,,,,,,,,,,,,,,,,,,,,,,,,,,,,,,,,,,,,,,,,,,,,,,,,,,,,,,,,
attic,,,,,,,,,,,,,,,,,,,,,,,,,,,,,,,,,,,,,,,,,,,,,,,,,,,,,,,,,,,,,,,,,,,,,,,,,,,,,,,,,,,,,,,,,,,,,,,,,,,
landing,,,,,,,,,,,,,,,,,,,,,,,,,,,,,,,,,,,,,,,,,,,,,,,,,,,,,,,,,,,,,,,,,,,,,,,,,,,,,,,,,,,,,,,,,,,,,,,,,,,
pro,,,,,,,,,,,,,,,,,,,,,,,,,,,,,,,,,,,,,,,,,,,,,,,,,,,,,,,,,,,,,,,,,,,,,,,,,,,,,,,,,,,,,,,,,,,,,,,,,,,
wall,,,,,,,,,,,,,,,,,,,,,,,,,,,,,,,,,,,,,,,,,,,,,,,,,,,,,,,,,,,,,,,,,,,,,,,,,,,,,,,,,,,,,,,,,,,,,,,,,,,
unflyable,,,,,,,,,,,,,,,,,,,,,,,,,,,,,,,,,,,,,,,,,,,,,,,,,,,,,,,,,,,,,,,,,,,,,,,,,,,,,,,,,,,,,,,,,,,,,,,,,,,
object,,,,,,,,,,,,,,,,,,,,,,,,,,,,,,,,,,,,,,,,,,,,,,,,,,,,,,,,,,,,,,,,,,,,,,,,,,,,,,,,,,,,,,,,,,,,,,,,,,,
tooling,,,,,,,,,,,,,,,,,,,,,,,,,,,,,,,,,,,,,,,,,,,,,,,,,,,,,,,,,,,,,,,,,,,,,,,,,,,,,,,,,,,,,,,,,,,,,,,,,,,
overhead,,,,,,,,,,,,,,,,,,,,,,,,,,,,,,,,,,,,,,,,,,,,,,,,,,,,,,,,,,,,,,,,,,,,,,,,,,,,,,,,,,,,,,,,,,,,,,,,,,,
aerial,,,,,,,,,,,,,,,,,,,,,,,,,,,,,,,,,,,,,,,,,,,,,,,,,,,,,,,,,,,,,,,,,,,,,,,,,,,,,,,,,,,,,,,,,,,,,,,,,,,
terminal,,,,,,,,,,,,,,,,,,,,,,,,,,,,,,,,,,,,,,,,,,,,,,,,,,,,,,,,,,,,,,,,,,,,,,,,,,,,,,,,,,,,,,,,,,,,,,,,,,,
mantic,,,,,,,,,,,,,,,,,,,,,,,,,,,,,,,,,,,,,,,,,,,,,,,,,,,,,,,,,,,,,,,,,,,,,,,,,,,,,,,,,,,,,,,,,,,,,,,,,,,
mart,,,,,,,,,,,,,,,,,,,,,,,,,,,,,,,,,,,,,,,,,,,,,,,,,,,,,,,,,,,,,,,,,,,,,,,,,,,,,,,,,,,,,,,,,,,,,,,,,,,
skateboard,,,,,,,,,,,,,,,,,,,,,,,,,,,,,,,,,,,,,,,,,,,,,,,,,,,,,,,,,,,,,,,,,,,,,,,,,,,,,,,,,,,,,,,,,,,,,,,,,,,
intercontinental,,,,,,,,,,,,,,,,,,,,,,,,,,,,,,,,,,,,,,,,,,,,,,,,,,,,,,,,,,,,,,,,,,,,,,,,,,,,,,,,,,,,,,,,,,,,,,,,,,,
folding,,,,,,,,,,,,,,,,,,,,,,,,,,,,,,,,,,,,,,,,,,,,,,,,,,,,,,,,,,,,,,,,,,,,,,,,,,,,,,,,,,,,,,,,,,,,,,,,,,,
removal,,,,,,,,,,,,,,,,,,,,,,,,,,,,,,,,,,,,,,,,,,,,,,,,,,,,,,,,,,,,,,,,,,,,,,,,,,,,,,,,,,,,,,,,,,,,,,,,,,,
mono,,,,,,,,,,,,,,,,,,,,,,,,,,,,,,,,,,,,,,,,,,,,,,,,,,,,,,,,,,,,,,,,,,,,,,,,,,,,,,,,,,,,,,,,,,,,,,,,,,,
sky,,,,,,,,,,,,,,,,,,,,,,,,,,,,,,,,,,,,,,,,,,,,,,,,,,,,,,,,,,,,,,,,,,,,,,,,,,,,,,,,,,,,,,,,,,,,,,,,,,,
boxed,,,,,,,,,,,,,,,,,,,,,,,,,,,,,,,,,,,,,,,,,,,,,,,,,,,,,,,,,,,,,,,,,,,,,,,,,,,,,,,,,,,,,,,,,,,,,,,,,,,
west,,,,,,,,,,,,,,,,,,,,,,,,,,,,,,,,,,,,,,,,,,,,,,,,,,,,,,,,,,,,,,,,,,,,,,,,,,,,,,,,,,,,,,,,,,,,,,,,,,,
thread,,,,,,,,,,,,,,,,,,,,,,,,,,,,,,,,,,,,,,,,,,,,,,,,,,,,,,,,,,,,,,,,,,,,,,,,,,,,,,,,,,,,,,,,,,,,,,,,,,,
exam,,,,,,,,,,,,,,,,,,,,,,,,,,,,,,,,,,,,,,,,,,,,,,,,,,,,,,,,,,,,,,,,,,,,,,,,,,,,,,,,,,,,,,,,,,,,,,,,,,,
pressurized,,,,,,,,,,,,,,,,,,,,,,,,,,,,,,,,,,,,,,,,,,,,,,,,,,,,,,,,,,,,,,,,,,,,,,,,,,,,,,,,,,,,,,,,,,,,,,,,,,,
arc,,,,,,,,,,,,,,,,,,,,,,,,,,,,,,,,,,,,,,,,,,,,,,,,,,,,,,,,,,,,,,,,,,,,,,,,,,,,,,,,,,,,,,,,,,,,,,,,,,,
iron,,,,,,,,,,,,,,,,,,,,,,,,,,,,,,,,,,,,,,,,,,,,,,,,,,,,,,,,,,,,,,,,,,,,,,,,,,,,,,,,,,,,,,,,,,,,,,,,,,,
surface,,,,,,,,,,,,,,,,,,,,,,,,,,,,,,,,,,,,,,,,,,,,,,,,,,,,,,,,,,,,,,,,,,,,,,,,,,,,,,,,,,,,,,,,,,,,,,,,,,,
concept,,,,,,,,,,,,,,,,,,,,,,,,,,,,,,,,,,,,,,,,,,,,,,,,,,,,,,,,,,,,,,,,,,,,,,,,,,,,,,,,,,,,,,,,,,,,,,,,,,,
ship,,,,,,,,,,,,,,,,,,,,,,,,,,,,,,,,,,,,,,,,,,,,,,,,,,,,,,,,,,,,,,,,,,,,,,,,,,,,,,,,,,,,,,,,,,,,,,,,,,,
neighborhood,,,,,,,,,,,,,,,,,,,,,,,,,,,,,,,,,,,,,,,,,,,,,,,,,,,,,,,,,,,,,,,,,,,,,,,,,,,,,,,,,,,,,,,,,,,,,,,,,,,
pin,,,,,,,,,,,,,,,,,,,,,,,,,,,,,,,,,,,,,,,,,,,,,,,,,,,,,,,,,,,,,,,,,,,,,,,,,,,,,,,,,,,,,,,,,,,,,,,,,,,
baek,,,,,,,,,,,,,,,,,,,,,,,,,,,,,,,,,,,,,,,,,,,,,,,,,,,,,,,,,,,,,,,,,,,,,,,,,,,,,,,,,,,,,,,,,,,,,,,,,,,
base,,,,,,,,,,,,,,,,,,,,,,,,,,,,,,,,,,,,,,,,,,,,,,,,,,,,,,,,,,,,,,,,,,,,,,,,,,,,,,,,,,,,,,,,,,,,,,,,,,,
boxing,,,,,,,,,,,,,,,,,,,,,,,,,,,,,,,,,,,,,,,,,,,,,,,,,,,,,,,,,,,,,,,,,,,,,,,,,,,,,,,,,,,,,,,,,,,,,,,,,,,
lightning,,,,,,,,,,,,,,,,,,,,,,,,,,,,,,,,,,,,,,,,,,,,,,,,,,,,,,,,,,,,,,,,,,,,,,,,,,,,,,,,,,,,,,,,,,,,,,,,,,,
trial,,,,,,,,,,,,,,,,,,,,,,,,,,,,,,,,,,,,,,,,,,,,,,,,,,,,,,,,,,,,,,,,,,,,,,,,,,,,,,,,,,,,,,,,,,,,,,,,,,,
sanctuary,,,,,,,,,,,,,,,,,,,,,,,,,,,,,,,,,,,,,,,,,,,,,,,,,,,,,,,,,,,,,,,,,,,,,,,,,,,,,,,,,,,,,,,,,,,,,,,,,,,
polo,,,,,,,,,,,,,,,,,,,,,,,,,,,,,,,,,,,,,,,,,,,,,,,,,,,,,,,,,,,,,,,,,,,,,,,,,,,,,,,,,,,,,,,,,,,,,,,,,,,
model,,,,,,,,,,,,,,,,,,,,,,,,,,,,,,,,,,,,,,,,,,,,,,,,,,,,,,,,,,,,,,,,,,,,,,,,,,,,,,,,,,,,,,,,,,,,,,,,,,,
priming,,,,,,,,,,,,,,,,,,,,,,,,,,,,,,,,,,,,,,,,,,,,,,,,,,,,,,,,,,,,,,,,,,,,,,,,,,,,,,,,,,,,,,,,,,,,,,,,,,,
