address,tags,open_time,price,p_id,link,p_rate,category,p_name,open_day
서울 마포구 어울마당로 70 서포빌딩 5층 (우)04041,,보드카페,,f10,https://place.map.kakao.com/2129451774#comment,0/5,f,보드팩토리,"월,화,수,목,일 13:00 ~ 24:00
더보기"
서울 광진구 동일로24길 96 지하1층 (우)05017,,보드카페,,f110,https://place.map.kakao.com/1462994034#comment,0/5,f,키랩보드게임카페 건대1호점,"매일 00:00 ~ 24:00 (예약제,예약필수)"
서울 마포구 잔다리로 19 (우)04048,,보드카페,,f111,https://place.map.kakao.com/27503326#comment,0/5,f,친구네놀이터,매일 10:00 ~ 23:00
서울 광진구 능동로13길 39 한아름쇼핑센터 2층 (우)05016,,보드카페,,f112,https://place.map.kakao.com/1232273833#comment,0/5,f,히어로보드게임카페 건대본점,"월~금 13:00 ~ 24:00
더보기"
서울 강남구 언주로85길 23-10 (우)06222,,보드카페,,f113,https://place.map.kakao.com/26467300#comment,0/5,f,제임스보드카페,
서울 강남구 테헤란로1길 16 (우)06129,,보드카페,,f114,https://place.map.kakao.com/24785058#comment,0/5,f,보드게임카페 보드스쿨,
서울 성동구 왕십리로 101 (우)04768,,보드카페,,f1210,https://place.map.kakao.com/256970182#comment,0/5,f,성수지앵협동조합,
서울 영등포구 영중로 31 3층 (우)07301,,보드카페,,f13,https://place.map.kakao.com/1012409570#comment,0/5,f,보드게임아지트,
서울 마포구 양화로16길 15 무광빌딩 4층 (우)04039,,테마카페,,f131,https://place.map.kakao.com/27413260#comment,0/5,f,큐브이스케이프 홍대점,"월,화,수,목,일 10:00 ~ 23:45
더보기"
서울 강서구 마곡중앙로 161-17 보타닉파크타워1 지하1층 B112호 (우)07788,,만화카페,,f132,https://place.map.kakao.com/528909972#comment,0/5,f,꿀팟만화보드카페,"월~금 11:00 ~ 02:00
더보기"
서울 중구 명동8나길 6 (우)04536,,테마카페,,f133,https://place.map.kakao.com/1587350979#comment,0/5,f,키이스케이프 명동점,
서울 서대문구 명물길 49 5층 (우)03776,,테마카페,,f134,https://place.map.kakao.com/27405762#comment,0/5,f,방탈출제로,"월~금 12:00 ~ 23:00
더보기"
서울 종로구 대학로12길 50 3층 (우)03086,오프라인 방탈출카페,테마카페,,f135,https://place.map.kakao.com/27176753#comment,0/5,f,키이스케이프 혜화점,매일 10:30 ~ 23:00
서울 강남구 도산대로51길 40 (우)06018,,오락실,,f137,https://place.map.kakao.com/27025428#comment,0/5,f,GAMZINO보드게임카페 압구정점,
서울 종로구 종로12길 16 대성빌딩 4층 (우)03189,,보드카페,,f14,https://place.map.kakao.com/26349251#comment,0/5,f,보드스토리,매일 13:00 ~ 23:30
"서울 은평구 통일로 830 파레제페빌딩 403,404호 (우)03350",,만화카페,,f1410,https://place.map.kakao.com/1058701106#comment,0/5,f,만화카페 벌툰 연신내점,매일 10:00 ~ 23:00
서울 동대문구 회기로13길 19 지하 1층 (우)02454,,만화카페,,f1411,https://place.map.kakao.com/737325783#comment,0/5,f,너나들이 만화카페,"매일 11:00 ~ 24:00
더보기"
서울 용산구 한강대로81길 22 (우)04321,,카페,,f1412,https://place.map.kakao.com/493916586#comment,0/5,f,만화카페산장,매일 10:00 ~ 24:00
서울 마포구 독막로7길 63 1층 (우)04043,,카페,,f1413,https://place.map.kakao.com/1903399843#comment,0/5,f,카페23서울,
서울 광진구 아차산로 241 3층 (우)05017,,만화카페,,f1414,https://place.map.kakao.com/110246815#comment,0/5,f,만화카페검정고무신,매일 10:00 ~ 06:00
서울 마포구 와우산로21길 19-16 NS타워 지하 2층 (우)04041,"방탈출카페, 게임&PUB",테마카페,,f143,https://place.map.kakao.com/1604855298#comment,0/5,f,방탈출카페ESC 홍대점,매일 10:00 ~ 24:00
서울 마포구 잔다리로6길 35 향남빌딩 4층 (우)04039,,카페,,f145,https://place.map.kakao.com/395610351#comment,0/5,f,머쉬룸카페,"월~금 12:00 ~ 00:30
더보기"
서울 강남구 테헤란로1길 17 5층 (우)06134,,테마카페,,f146,https://place.map.kakao.com/1709230849#comment,0/5,f,카페화실,매일 12:00 ~ 23:00
서울 마포구 어울마당로 96 3층 (우)04040,"한 시대를 풍미한 만화의 맥을 이어받아
또한번 새롭게 도약하는 카페데코믹스
자라나는 아이들에게 꿈과 희망을 주고 시련을 극복하는 방법을 알려주며,대중예술의 꽃으로 일커졌던 만화를 카페데코믹스에서 또 한번 꽃 피우려고 합니다.
카페데코믹스는 은은한 커피 향과, 다채로운 고객 맞춤형 만화 컨텐츠로 휴식과 즐거움을 제공함으로써 생활의 재충전, 인생의 즐거움을 함께 드리고자 합니다.
함께하는 카페데코믹스
카페데코믹스는 Coffee 와 만화책을 한 공간에서 즐길수있는 재충전의공간을 말합니다.
커피를 볶는 카페데코믹스
카페데코믹스의 커피는 대량으로 볶아지는 원두가 아닙니다.
매일매일 소량의 원두를 정성것 볶아 제공하는 카페데코믹스만의 선물입니다.
재미가 있는 카페데코믹스
여성의 전유물, 새로운 애완동물로 자리매김 하고있는 야옹이 본연의 시크함과 도도함,깔끔한 성격으로 여성의 사랑을 듬뿍 받고있는 고양이가 운영하는 카페데코믹스 입니다.",북카페,,f147,https://place.map.kakao.com/22614688#comment,0/5,f,카페데코믹스 홍대점,"월,화,수,목,일 11:00 ~ 24:00
더보기"
서울 서초구 서초대로77길 37 서초동월드 8층 801호 (우)06612,,테마카페,,f148,https://place.map.kakao.com/1672829084#comment,0/5,f,카페허니룸,매일 12:00 ~ 24:00
서울 서대문구 세검정로 57 2층 (우)03623,"보다더카페는
저렴한 생두가 아닌 스페셜티급의 생두(예가체프, 케냐AA, 산토스)를 직접 로스팅하여 가스를 12시간 충분히 뺀 상태에서 블랜딩한 원두를 48시간만 판매하는 곳입니다.

신선한 원두의 맛과 직접 정성을 다하여 씨 하나 없이 담근 과일청들과
사이다가 아닌 직접 만든 탄산수로 만든 에이드와 보드카칵테일, 이쁜 색상의 모히또와 전적으로 여성의 입맛에 맞춘 보드카칵테일! 물론 남자는 샷추가로 강하게~ 남자에 대한 의리!~~ ^ ^

한번 맛보면 계속 찾게 되는 자몽빙수!

직접 만들어 더 맛있는 양송이스프와 양송이스프 베이스의 크로크무슈~

저렴한 가격의 디저트라고 얕볼 수 없는 환상적인 데코의 치즈케잌과 머핀, 브라우니, 고소한 크림치즈가 듬뿍한 프리첼!

담백한 맛의 치킨 퀘사디아와 토마토, 양파, 치킨육수와 엑스트라 버진 올리브유로만 맛을 낸 얼큰한 국물이 일품인 토마토해물파스타와 브로콜리가 살아있는 크림 파스타~",카페,,f149,https://place.map.kakao.com/23700661#comment,0/5,f,보다더카페,"매일 10:30 ~ 24:00
더보기"
서울 영등포구 영신로40길 5 성진빌딩 지하 1층 (우)07251,보드게임공간,보드카페,,f15,https://place.map.kakao.com/26878892#comment,0/5,f,디아날로그,"월~금 14:00 ~ 23:00
더보기"
서울 강북구 도봉로87길 9 4층 (우)01073,,보드카페,,f16,https://place.map.kakao.com/1171264693#comment,0/5,f,월드보드카페,"월~목 13:00 ~ 24:00
더보기"
서울 중랑구 용마산로86길 9-38 (우)02192,,카페,,f160,https://place.map.kakao.com/26947865#comment,0/5,f,카페이노이드 서일대직영점,
서울 서초구 서초대로77길 43 경원빌딩 5층 (우)06612,"멀티룸카페, 음료무한리필, TV시청, Wii 게임, 보드게임, 이벤트파티",커피전문점,,f161,https://place.map.kakao.com/12138214#comment,0/5,f,카페루미 강남점,"월~금 11:00 ~ 24:00
더보기"
서울 강남구 강남대로156길 45 (우)06034,"카페, 양떼목장, 애견놀이터, 보드게임, 안마의자,

오락실, 노래방, 플스, 만화책을 한 곳에서!",카페,,f1611,https://place.map.kakao.com/1813261034#comment,0/5,f,숲숨그레이,"매일 00:00 ~ 24:00
더보기"
서울 종로구 삼일대로17길 8 대신빌딩 3층 (우)03190,,북카페,,f1612,https://place.map.kakao.com/1797985577#comment,0/5,f,놀숲 종로점,매일 10:00 ~ 24:00
서울 강남구 봉은사로2길 31 지하1층 (우)06123,,테마카페,,f1613,https://place.map.kakao.com/1528582359#comment,0/5,f,코드케이 강남점,매일 10:00 ~ 23:00
서울 마포구 잔다리로6길 23 (우)04039,,중식,,f1614,https://place.map.kakao.com/474254018#comment,0/5,f,손오공마라탕 서교점,
서울 양천구 신정로7길 75 (우)08049,,카페,,f162,https://place.map.kakao.com/1238783932#comment,0/5,f,서울창업카페 양천신정점,
서울 마포구 서강로 111 (우)04061,,테마카페,,f163,https://place.map.kakao.com/396096203#comment,0/5,f,힐링카페작은휴가,"매일 10:00 ~ 22:00
더보기"
서울 마포구 어울마당로 118 천마빌딩 지하1층 (우)04055,보드게임카페,카페,,f164,https://place.map.kakao.com/25161316#comment,0/5,f,보드스쿨 홍대2호점,
서울 용산구 청파로47길 75 2층 (우)04312,"커피 및 각종 음료와 케익, 머핀을 취급하는 금연 카페입니다.",카페,,f165,https://place.map.kakao.com/11591116#comment,0/5,f,카페쎄라비,"월~금 11:00 ~ 23:00
더보기"
서울 강서구 방화대로33길 3 성은빌딩 6층 (우)07605,,카페,,f166,https://place.map.kakao.com/25464181#comment,0/5,f,하늘담은카페,"월~토 10:00 ~ 23:00
더보기"
서울 관악구 신림로 319 (우)08776,,커피전문점,,f168,https://place.map.kakao.com/15736442#comment,0/5,f,더카페,
서울 마포구 홍익로5안길 14 (우)04039,,카페,,f169,https://place.map.kakao.com/1435282268#comment,0/5,f,슈퍼보드,
서울 마포구 홍익로 9-1 (우)04040,,보드카페,,f17,https://place.map.kakao.com/19182865#comment,0/5,f,보드놀이터,"월~금 13:00 ~ 23:00
더보기"
서울 강남구 강남대로94길 15 (우)06129,하우스맥주 전문점,"호프,요리주점",,f170,https://place.map.kakao.com/26546475#comment,0/5,f,브롱스 강남점,매일 17:00 ~ 02:00
서울 마포구 와우산로23길 8 더모임빌딩 지하1층 (우)04054,,테마카페,,f171,https://place.map.kakao.com/902163133#comment,0/5,f,룸즈에이 홍대점,매일 10:50 ~ 23:30
서울 마포구 연희로1길 7 2층 3층 (우)03985,,테마카페,,f1710,https://place.map.kakao.com/969459474#comment,0/5,f,이스케이퍼스,
서울 강남구 강남대로102길 14 5층 (우)06128,유기묘 보호 캣카페,고양이카페,,f1711,https://place.map.kakao.com/2057870125#comment,0/5,f,집사의하루 강남역점,매일 12:00 ~ 22:00
서울 중구 충무로7길 19 (우)04550,,"호프,요리주점",,f1712,https://place.map.kakao.com/140909562#comment,0/5,f,감각의제국,"월~목 18:00 ~ 23:30
더보기"
서울 광진구 아차산로33길 28-4 (우)05017,,"호프,요리주점",,f1713,https://place.map.kakao.com/25068327#comment,0/5,f,조선주막 건대점,매일 15:30 ~ 05:00
서울 종로구 종로14길 9 3층 (우)03190,,만화카페,,f1714,https://place.map.kakao.com/1654396478#comment,0/5,f,벌툰 종각점,매일 10:00 ~ 24:00
서울 서초구 서초대로77길 24 3층 (우)06614,,"호프,요리주점",,f172,https://place.map.kakao.com/14660285#comment,0/5,f,홀릭스,매일 16:00 ~ 06:00
서울 마포구 와우산로21길 19-19 (우)04041,"현대엔지니어링에서 재직하고 현재 취업강사가 직접 운영하고 있습니다.
취업과 관련된 모든 자료와 상담이 가능합니다.
취업스터디, 어학스터디, 회의, 모임공간 등 모임전문공간 소셜팩토리를 찾아주세요

- 이용료는 1인 1시간 1,500원 입니다. (홍대 지역 최저가!!)
- 건물 내 주차좌석까지 있어 소형, 중형, 일반 SUV 차량 등 주차도 가능합니다.
- 강연, 세미나, 플리마켓, 스터디, 행사, 원데이클래스 등도 가능한 홍대 합정 상수 모임전문공간 입니다.
- 컬러프린트,컬러복사,컬러스캔 : (A4 칼라 50원) (A3 칼라 100원)
- 모임에 필요한 화이트보드, 빔프로젝터, 공기청정기, 전신거울, 독서대, 담요, 스탠드, 와이파이 등 모든 것들이 구비 되어 있습니다.

ROOM [A] : 2~4 인
ROOM [B] : 4~8 인
ROOM [C] : 8~14 인
ROOM [D] : 2인~4인
HALL [M] : 20~50 인",북카페,,f174,https://place.map.kakao.com/27494166#comment,0/5,f,소셜팩토리 홍대1호점,"매일 10:00 ~ 23:00
더보기"
서울 마포구 성지1길 30 지하 2층 (우)04072,"문화와 예술의 공간, 따뜻한 휴식의 공간,
좋은 사람들이 만나 멋진 이야기와 생각을 나누는
공간, 空間, The Space, 디벙크 입니다.

단순한 카페 그 이상을 지향하는 '공간' 디벙크는,
때로는 음악가들의 무대, 때로는 예술가들의 전시회,
그리고 가을밤 작은 소극장의 스크린이 되어 드릴 것 입니다.

환영합니다.
그리고 반갑습니다.",커피전문점,,f175,https://place.map.kakao.com/1040119941#comment,0/5,f,디벙크,"월~금 09:00 ~ 22:00
더보기"
서울 마포구 와우산로21길 31-10 1층 (우)04041,,치킨,,f176,https://place.map.kakao.com/1950621524#comment,0/5,f,꼬꼬아찌 홍대직영점,
서울 강남구 역삼로3길 17 혜진빌딩 3층 (우)06242,새로운 개념의 힐링 라운지,테마카페,,f177,https://place.map.kakao.com/27464586#comment,0/5,f,쉼스토리,"월~금 10:00 ~ 22:30
더보기"
서울 강남구 강남대로96길 12 3층 301호 (우)06129,,테마카페,,f178,https://place.map.kakao.com/1259936409#comment,0/5,f,룸카페 바니,"월~금 12:00 ~ 24:00
더보기"
서울 서대문구 명물길 32 준성빌딩 지하1층 (우)03777,,실내포장마차,,f179,https://place.map.kakao.com/773237827#comment,0/5,f,코다차야 신촌점,
"서울 광진구 아차산로33길 40-1 1, 2층 (우)05017",,삼겹살,,f180,https://place.map.kakao.com/278235079#comment,0/5,f,김부삼 건대점,매일 15:00 ~ 03:00
서울 마포구 잔다리로 5-1 상아빌딩 5층 (우)04049,방탈출카페,테마카페,,f181,https://place.map.kakao.com/27223158#comment,0/5,f,미스터리룸이스케이프 홍대점,매일 10:30 ~ 23:30
서울 영등포구 영등포로 248 (우)07303,룸카페,카페,,f1810,https://place.map.kakao.com/12051896#comment,0/5,f,하늘유리,매일 12:00 ~ 24:00
서울 금천구 벚꽃로 298 대륭포스트6차 b143호 (우)08510,,카페,,f1811,https://place.map.kakao.com/2074600451#comment,0/5,f,스미다,"월~토 11:30 ~ 23:30
더보기"
서울 송파구 백제고분로 387 삼현빌딩 지하1층 (우)05626,,북카페,,f1812,https://place.map.kakao.com/1411337187#comment,0/5,f,놀숲 송파점,매일 10:00 ~ 24:00
서울 영등포구 당산로28길 2 2층 (우)07259,전동의자 체험 및 체험카페,테마카페,,f1813,https://place.map.kakao.com/711467066#comment,0/5,f,미스터힐링 영등포구청역점,매일 11:00 ~ 23:00
서울 광진구 아차산로33길 16-4 (우)05017,,양꼬치,,f182,https://place.map.kakao.com/568728629#comment,0/5,f,미친양꼬치,"월~금 15:00 ~ 03:00
더보기"
서울 강남구 강남대로98길 17 2층 (우)06129,,북카페,,f183,https://place.map.kakao.com/798713718#comment,0/5,f,놀숲 강남역점,매일 10:00 ~ 24:00
서울 용산구 청파로47길 52 명신프라자 지하1층 (우)04309,,북카페,,f184,https://place.map.kakao.com/1260273250#comment,0/5,f,놀숲플러스 숙대입구점,"월,화,수,목,일 10:00 ~ 12:00
더보기"
서울 송파구 올림픽로8길 10 4층 (우)05556,방탈출 카페,테마카페,,f185,https://place.map.kakao.com/466116790#comment,0/5,f,큐브이스케이프 잠실점,"월,화,수,목,일 10:00 ~ 23:20
더보기"
서울 광진구 동일로22길 107 3층 (우)05017,,테마카페,,f186,https://place.map.kakao.com/1964974873#comment,0/5,f,앨리스룸카페,"월~금 12:00 ~ 24:00
더보기"
서울 동대문구 왕산로 276-1 (우)02554,,카페,,f187,https://place.map.kakao.com/19034696#comment,0/5,f,카페온,"매일 12:00 ~ 23:00
더보기"
서울 송파구 백제고분로7길 27 반석빌딩 3층 (우)05557,,만화카페,,f188,https://place.map.kakao.com/1609818137#comment,0/5,f,벌툰 잠실새내점,매일 10:00 ~ 23:00
서울 서대문구 명물길 6 5층 (우)03777,,카페,,f189,https://place.map.kakao.com/9619284#comment,0/5,f,휴,매일 11:00 ~ 05:00
서울 종로구 대학로8가길 79 5층 (우)03086,,보드카페,,f19,https://place.map.kakao.com/817276780#comment,0/5,f,월드오브보드게임 대학로점,"월~금 14:00 ~ 24:00
더보기"
서울 강동구 천호대로157길 22 3층 (우)05335,,테마카페,,f190,https://place.map.kakao.com/1857201893#comment,0/5,f,큐브이스케이프 천호점,"월,화,수,목,일 10:15 ~ 24:00
더보기"
서울 종로구 대학로10길 26 5층 (우)03086,,만화카페,,f191,https://place.map.kakao.com/704583232#comment,0/5,f,벌툰 대학로점,매일 10:00 ~ 24:00
서울 마포구 어울마당로 118 3층 (우)04055,,테마카페,,f1910,https://place.map.kakao.com/27273035#comment,0/5,f,무제한룸카페,
서울 동대문구 천장산로7길 10-3 지하1층 (우)02449,,테마카페,,f1911,https://place.map.kakao.com/1096938565#comment,0/5,f,멜팅폼,매일 10:00 ~ 02:00
서울 강남구 봉은사로18길 76 스타팰리스 3층 (우)06128,방탈출카페,테마카페,,f1912,https://place.map.kakao.com/27583747#comment,0/5,f,더메이즈,매일 10:00 ~ 24:00
서울 송파구 백제고분로7길 25 3층 (우)05557,,테마카페,,f1913,https://place.map.kakao.com/947985225#comment,0/5,f,미스터힐링 잠실새내점,"월~금 12:00 ~ 23:30
더보기"
서울 마포구 어울마당로 74 6층 (우)04041,,테마카페,,f192,https://place.map.kakao.com/2038125379#comment,0/5,f,루미룸카페,
서울 서대문구 명물길 37 지하1층 (우)03776,,북카페,,f193,https://place.map.kakao.com/27333576#comment,0/5,f,놀숲 신촌점,매일 10:00 ~ 24:00
서울 마포구 와우산로29마길 10-3 지층 (우)04053,,디저트카페,,f194,https://place.map.kakao.com/763702289#comment,0/5,f,사쿠란보,
서울 은평구 진흥로 144 동호스카이 지하 102호 (우)03378,,만화카페,,f196,https://place.map.kakao.com/2047684329#comment,0/5,f,힐링앤툰,매일 11:00 ~ 24:00
서울 마포구 와우산로17길 25 지하 1층 (우)04049,,칵테일바,,f197,https://place.map.kakao.com/1846504642#comment,0/5,f,데일리파티 홍대점,"월~금 18:00 ~ 02:00
더보기"
서울 양천구 신정중앙로 96 4층 (우)07945,,테마카페,,f198,https://place.map.kakao.com/27178625#comment,0/5,f,패닉이스케이프 목동지점,
서울 동작구 만양로14길 25 지하 1층 (우)06913,,보드카페,,f20,https://place.map.kakao.com/1938424097#comment,0/5,f,보드게임하자,
서울 마포구 와우산로21길 10 4층 (우)04040,,보드카페,,f21,https://place.map.kakao.com/27279266#comment,0/5,f,플레이보드 홍대점,매일 12:00 ~ 23:30
서울 관악구 남부순환로 1592 (우)08776,,보드카페,,f210,https://place.map.kakao.com/699361037#comment,0/5,f,플레이온보드게임카페 신림점,"매일 12:00 ~ 24:00
더보기"
서울 서초구 사임당로 46 서초제일빌딩 2층 (우)06640,,북카페,,f211,https://place.map.kakao.com/2080200369#comment,0/5,f,놀숲 교대점,
서울 종로구 삼일대로19길 16 (우)03190,"즐거움이 가득한 종로 RANKA HOUSE
칵테일 & 맥주 & 양주 & 안주 & 그리고 다트와 비어퐁 등 신나는 게임까지 함께합니다.
연인과 함께, 때론 친구들과 함께 즐겁고 유쾌한 공간에서 함께해요.",칵테일바,,f2110,https://place.map.kakao.com/27438961#comment,0/5,f,란카하우스,매일 17:00 ~ 04:00
서울 종로구 대명길 26 기영빌딩 5층 (우)03077,라쿤카페,카페,,f2111,https://place.map.kakao.com/27284259#comment,0/5,f,꾸꾸네,"화~일 13:00 ~ 22:00
더보기"
서울 강남구 강남대로98길 10 (우)06129,,칵테일바,,f2112,https://place.map.kakao.com/18857257#comment,0/5,f,비랩,매일 17:00 ~ 03:00
서울 관악구 신원로 34 삼양타운 7층 (우)08776,,"호프,요리주점",,f2113,https://place.map.kakao.com/35191880#comment,0/5,f,스윙펍,매일 13:00 ~ 03:00
서울 성북구 개운사길 8 4층 (우)02842,,북카페,,f2114,https://place.map.kakao.com/623573296#comment,0/5,f,놀숲 고대안암역점,"매일 10:00 ~ 02:00
더보기"
서울 마포구 어울마당로 100-6 4층 (우)04040,,보드카페,,f212,https://place.map.kakao.com/26555449#comment,0/5,f,보드놀이터 2호점,
서울 서대문구 이화여대길 76 3층 (우)03765,,테마카페,,f213,https://place.map.kakao.com/979206473#comment,0/5,f,미스터힐링 이화여대점,
서울 강동구 올림픽로70길 61 두산위브센티움 2층 (우)05329,,보드카페,,f214,https://place.map.kakao.com/16762362#comment,0/5,f,화이트엔젤 천호점,매일 12:00 ~ 23:00
서울 광진구 광나루로14길 8 케이타워오피스텔 A동 지하 (우)05007,방탈출카페,테마카페,,f215,https://place.map.kakao.com/1586521267#comment,0/5,f,케이이스케이프,매일 10:00 ~ 23:00
서울 서대문구 연세로5길 26 준빌딩 8층 (우)03789,,테마카페,,f216,https://place.map.kakao.com/22262494#comment,0/5,f,눈탱이감탱이,매일 11:30 ~ 23:00 (예약 및 문의사항)
서울 마포구 와우산로17길 24 3층 (우)04049,,"호프,요리주점",,f217,https://place.map.kakao.com/15214910#comment,0/5,f,친구네집빈날 1호점,"월~금 18:00 ~ 02:00
더보기"
서울 송파구 가락로21길 8 (우)05668,,카페,,f218,https://place.map.kakao.com/1338881073#comment,0/5,f,정원이있는국민책방 송파점,매일 10:00 ~ 22:00
서울 중구 서애로 6-1 인산빌딩 3층 (우)04624,,만화카페,,f219,https://place.map.kakao.com/1313645323#comment,0/5,f,놀숲 충무로동국대점,매일 10:00 ~ 24:00
서울 마포구 연희로1길 45 3층 (우)03982,,보드카페,,f22,https://place.map.kakao.com/1623819755#comment,0/5,f,옐로우미플,
서울 서대문구 이화여대길 75 4층 (우)03766,"방탈출 까페란?
영화와 책으로만 상상하던 배우가 되고싶으신가요?? 혹은 내가 만약 위급하거나 어딘가에 고립되었다는 느낌이 들었을때 어떻게 하실건가요?? 이런 것들이 모두 현실이되는 매우 재미있는 공간입니다.

비트포비아를 검색하셔서 홈페이지에 들어가시면 어떤곳인지 조금더 알아보실 수 있습니다.

요즘 SNS,블로그등을 뜨겁게 달구고 있는 방탈출 까페의 중심인 비트포비아 신촌점입니다.

전화 및 온라인(홈페이지) 예약하시면 더 편리하게 이용해보실 수 있으세요!",테마카페,,f220,https://place.map.kakao.com/27494903#comment,0/5,f,비트포비아 신촌점,"매일 12:00 ~ 24:00
더보기"
서울 금천구 벚꽃로 298 대륭포스트타워6차 2층 (우)08510,"치킨,피자가 맛있는 맥주전문점","호프,요리주점",,f221,https://place.map.kakao.com/27273053#comment,0/5,f,통파이브 가산디지털점,매일 16:00 ~ 02:00
서울 서대문구 연세로9길 29 지하 1층 (우)03788,,"호프,요리주점",,f2211,https://place.map.kakao.com/912794724#comment,0/5,f,낭만텐트포차,
서울 성북구 동소문로20가길 22 3층 (우)02845,,테마카페,,f2212,https://place.map.kakao.com/27345376#comment,0/5,f,마룸,매일 11:00 ~ 23:45
"서울 양천구 목동동로 258 상가동 지층 지하1,2호 (우)07999",,북카페,,f2213,https://place.map.kakao.com/676896789#comment,0/5,f,놀숲 목동오목교점,매일 10:00 ~ 24:00
서울 광진구 동일로 96 지하1층 (우)05071,방탈출카페,테마카페,,f2214,https://place.map.kakao.com/671151862#comment,0/5,f,마스터키 건대점,매일 11:00 ~ 24:00
서울 은평구 연서로29길 6 3층 (우)03330,만화카페,북카페,,f222,https://place.map.kakao.com/254637657#comment,0/5,f,놀숲 연신내로데오점,"월,화,수,목,일 10:00 ~ 24:00
더보기"
서울 동작구 보라매로5가길 16 보라매아카데미타워 6층 (우)07071,,만화카페,,f223,https://place.map.kakao.com/1388631546#comment,0/5,f,놀숲 보라매점,매일 10:00 ~ 23:00
서울 관악구 신림로 321 동진빌딩 지하1층 (우)08776,,북카페,,f225,https://place.map.kakao.com/1101338749#comment,0/5,f,놀숲 신림역점,매일 10:00 ~ 02:00
서울 성북구 동소문로20길 29-18 3층 (우)02845,,테마카페,,f226,https://place.map.kakao.com/1130125539#comment,0/5,f,다옴룸카페,"매일 10:30 ~ 23:30
더보기"
서울 중구 명동8길 37-14 (우)04536,,카페,,f227,https://place.map.kakao.com/14826452#comment,0/5,f,큐플러스룸카페 명동2호점,매일 10:00 ~ 24:00
서울 강남구 강남대로96길 5 (우)06129,,카페,,f228,https://place.map.kakao.com/17003283#comment,0/5,f,스위트룸 강남점,매일 11:00 ~ 24:00
서울 용산구 청파로47길 26 (우)04309,,보드카페,,f23,https://place.map.kakao.com/21393617#comment,0/5,f,달다,"월~금 14:00 ~ 22:00
더보기"
서울 강남구 강남대로 532 지하 1층 (우)06114,,북카페,,f230,https://place.map.kakao.com/2093252560#comment,0/5,f,놀숲 강남논현점,매일 10:00 ~ 24:00
서울 서대문구 연세로 25-1 5층 (우)03788,"신촌 유일의 이색데이트코스 반지만들기 카페

[신촌 반지클럽]입니다.

연인 & 친구& 가족과 함께 단 하나뿐인 나만의 악세사리만들기

커플링, 우정링, 가족링

순은 99.9% 반지가 사전예약시 1인 25000원",테마카페,,f231,https://place.map.kakao.com/26342907#comment,0/5,f,신촌반지클럽,"매일 11:00 ~ 21:00
더보기"
서울 용산구 한강대로 286-2 (우)04352,,테마카페,,f2311,https://place.map.kakao.com/799400942#comment,0/5,f,미스터힐링 숙대입구역점,매일 10:00 ~ 23:00
서울 강남구 강남대로156길 46 지하1층 (우)06035,,칵테일바,,f2312,https://place.map.kakao.com/1831616736#comment,0/5,f,크레이지놈 가로수길점,
서울 강남구 도산대로1길 28 (우)06034,,카페,,f2313,https://place.map.kakao.com/394879991#comment,0/5,f,드립,"월~금 09:00 ~ 23:00
더보기"
서울 관악구 신림로 303 2층 (우)08776,,칵테일바,,f2314,https://place.map.kakao.com/504647885#comment,0/5,f,큐브더라운지펍,"월,화,수,목,일 19:00 ~ 04:30
더보기"
서울 관악구 남부순환로 1597-10 지하1층 (우)08759,,테마카페,,f233,https://place.map.kakao.com/963580627#comment,0/5,f,룸카페217,
서울 동작구 동작대로27길 5 지하1층 (우)07008,,북카페,,f234,https://place.map.kakao.com/888813952#comment,0/5,f,놀숲 이수역점,매일 10:00 ~ 02:00
서울 중구 장충단로 263 13층 (우)04563,,테마카페,,f235,https://place.map.kakao.com/1033833732#comment,0/5,f,미스터힐링 동대문밀리오레점,
서울 마포구 잔다리로6길 35 (우)04039,,"호프,요리주점",,f237,https://place.map.kakao.com/601912986#comment,0/5,f,오케이포차 홍대점,
서울 동대문구 회기로 125 지하1층 (우)02454,,칵테일바,,f238,https://place.map.kakao.com/1254829067#comment,0/5,f,바이브,"월~토 19:00 ~ 04:00
더보기"
서울 마포구 동교로 212-2 (우)03994,,술집,,f239,https://place.map.kakao.com/923746939#comment,0/5,f,깃털,"월~목 19:00 ~ 03:00
더보기"
서울 광진구 동일로22길 104 진명빌딩 7층 (우)05018,,보드카페,,f24,https://place.map.kakao.com/27349794#comment,0/5,f,보드스토리 건대점,매일 13:00 ~ 23:30
서울 마포구 와우산로21길 31 4층 (우)04041,,테마카페,,f241,https://place.map.kakao.com/1617911104#comment,0/5,f,룸토리,매일 12:00 ~ 01:00
서울 강남구 테헤란로1길 42 4층 (우)06129,,카페,,f2410,https://place.map.kakao.com/511815556#comment,0/5,f,아지트룸카페,
서울 관악구 남부순환로 1808 관악센츄리타워 2층 (우)08787,힐링카페,테마카페,,f2412,https://place.map.kakao.com/1651282993#comment,0/5,f,미스터힐링 서울대입구역점,매일 10:00 ~ 23:00
서울 광진구 동일로22길 96 3층 (우)05018,,테마카페,,f2413,https://place.map.kakao.com/27512024#comment,0/5,f,반지더하기 건대점,매일 12:00 ~ 23:00
서울 마포구 홍익로3길 44 (우)04039,,카페,,f243,https://place.map.kakao.com/19632275#comment,0/5,f,룸블리,매일 12:00 ~ 01:00
서울 마포구 독막로15길 13 3층 (우)04049,좌식힐링 한방차 카페,테마카페,,f244,https://place.map.kakao.com/27505190#comment,0/5,f,친구네허준,매일 12:00 ~ 24:00
서울 용산구 녹사평대로40길 31 용이빌딩 2층 (우)04345,,카페,,f245,https://place.map.kakao.com/531795617#comment,0/5,f,더미쓰리,"월~금 13:00 ~ 21:00
더보기"
서울 노원구 동일로 1083 2층 (우)01852,수족관 카페,테마카페,,f246,https://place.map.kakao.com/26869526#comment,0/5,f,모비딕,"매일 11:00 ~ 23:30
더보기"
서울 성북구 장월로1마길 5 (우)02748,,카페,,f247,https://place.map.kakao.com/13283821#comment,0/5,f,어바웃,"월~금 10:00 ~ 23:00
더보기"
서울 강서구 곰달래로 116-1 (우)07777,,커피전문점,,f249,https://place.map.kakao.com/20091575#comment,0/5,f,커피볶는곤이네집,"월~토 10:30 ~ 24:00
더보기"
서울 구로구 공원로6나길 12 2층 (우)08289,,보드카페,,f25,https://place.map.kakao.com/691349476#comment,0/5,f,알파고보드카페,매일 16:00 ~ 04:00
서울 서대문구 연세로5가길 8-6 3층 (우)03789,,보드카페,,f26,https://place.map.kakao.com/1507185592#comment,0/5,f,마이턴 보드게임카페,
서울 강북구 도봉로 308 스카이빌딩 10층 (우)01062,이탈리아 정통 에스프레소 커피전문점,커피전문점,,f260,https://place.map.kakao.com/1911447924#comment,0/5,f,파스쿠찌 수유롯데시네마점,"매일 10:00 ~ 22:00
더보기"
서울 종로구 대학로11길 39 3층 (우)03079,,"호프,요리주점",,f261,https://place.map.kakao.com/1715513659#comment,0/5,f,휴머,매일 18:00 ~ 05:00
서울 마포구 독막로15길 3-7 지하1층 (우)04049,,술집,,f2610,https://place.map.kakao.com/622782601#comment,0/5,f,어른이집,
서울 용산구 두텁바위로 23 (우)04335,,카페,,f2611,https://place.map.kakao.com/14601871#comment,0/5,f,지져스커피,
서울 성동구 왕십리로 347 (우)04710,,카페,,f2612,https://place.map.kakao.com/1563170376#comment,0/5,f,커피오리진,"월~토 10:00 ~ 22:00
더보기"
서울 강서구 화곡로58길 30 2층 (우)07657,"수제맥주, 칵테일, 소주 펍","호프,요리주점",,f2613,https://place.map.kakao.com/900933646#comment,0/5,f,낯선도시술집,매일 17:00 ~ 05:00
서울 강남구 강남대로98길 12 (우)06129,,"호프,요리주점",,f2614,https://place.map.kakao.com/1551048877#comment,0/5,f,슈터바61224 강남점,매일 18:00 ~ 02:00
서울 강동구 양재대로85길 78 (우)05406,,카페,,f262,https://place.map.kakao.com/474799651#comment,0/5,f,봉연커피,"매일 10:00 ~ 22:00
더보기"
서울 마포구 잔다리로 9 (우)04049,,칵테일바,,f263,https://place.map.kakao.com/1599460161#comment,0/5,f,퍼플피플,"매일 19:00 ~ 04:00
더보기"
서울 성동구 왕십리광장로 17 5층 에스피-05호 (우)04750,,키즈카페,,f264,https://place.map.kakao.com/1465309940#comment,0/5,f,그레이트피그미풀,
서울 관악구 신림로 107 (우)08813,,고양이카페,,f265,https://place.map.kakao.com/1844267326#comment,0/5,f,고지트,
서울 관악구 봉천로 598 지하 1층 (우)08793,,테마카페,,f267,https://place.map.kakao.com/1039657348#comment,0/5,f,청춘랜드,"화~일 11:40 ~ 23:00
더보기"
서울 마포구 연남로 4-1 흥양빌딩 4층 (우)03989,여행카페 코워킹스페이스 스터디,테마카페,,f268,https://place.map.kakao.com/871145684#comment,0/5,f,썸타는여행,매일 00:00 ~ 24:00 (예약제 운영)
서울 마포구 잔다리로 25 지하1층 (우)04043,,칵테일바,,f269,https://place.map.kakao.com/1557029993#comment,0/5,f,킨더가든,
서울 강남구 언주로172길 59 지하 1층 (우)06018,,보드카페,,f27,https://place.map.kakao.com/1801993399#comment,0/5,f,잭보드카페 압구정점,매일 06:00 ~ 24:00
서울 관악구 남부순환로176길 10 3층 (우)08776,,테마카페,,f270,https://place.map.kakao.com/66829451#comment,0/5,f,반지더하기 신림점,"월~금 13:00 ~ 21:30
더보기"
"서울 서대문구 명물길 41 2, 3층 (우)03776",,중식,,f271,https://place.map.kakao.com/1095101794#comment,0/5,f,풍미각,연중무휴
서울 강서구 화곡로68길 82 강서아이티밸리 1층 111호 (우)07566,,카페,,f2710,https://place.map.kakao.com/53353798#comment,0/5,f,오버도즈커피,"월~금 07:00 ~ 23:00
더보기"
서울 서대문구 이화여대길 59 2층 (우)03766,,카페,,f2711,https://place.map.kakao.com/1626956024#comment,0/5,f,그레이프라운지 이대점,매일 10:00 ~ 23:00
서울 용산구 보광로60길 17 (우)04406,,칵테일바,,f2712,https://place.map.kakao.com/188152126#comment,0/5,f,쉬미쉬미,
서울 종로구 동숭길 127 우성빌딩 3층 (우)03086,,테마카페,,f2714,https://place.map.kakao.com/2109156443#comment,0/5,f,AI이스케이프,
서울 강서구 강서로45가길 47 2층 (우)07705,,커피전문점,,f272,https://place.map.kakao.com/21301572#comment,0/5,f,허니네커피,
서울 관악구 관악로16길 25 (우)08788,,술집,,f274,https://place.map.kakao.com/2033931303#comment,0/5,f,스폰서,
서울 노원구 상계로3길 21 (우)01693,,칵테일바,,f276,https://place.map.kakao.com/24786244#comment,0/5,f,비랩 노원점,매일 17:30 ~ 02:30
서울 송파구 올림픽로10길 22 (우)05561,,"호프,요리주점",,f278,https://place.map.kakao.com/151680077#comment,0/5,f,9G라운지펍,"월~금 19:30 ~ 04:00
더보기"
서울 영등포구 여의대방로19길 4-1 지하 1층 (우)07433,,카페,,f279,https://place.map.kakao.com/14516198#comment,0/5,f,라온,"월~금 10:00 ~ 23:00
더보기"
서울 노원구 상계로3길 21 4층 (우)01693,,보드카페,,f28,https://place.map.kakao.com/1944907820#comment,0/5,f,보드스토리 노원점,매일 13:00 ~ 23:30
서울 동대문구 회기로13길 18 1층 (우)02454,,"호프,요리주점",,f281,https://place.map.kakao.com/1575461482#comment,0/5,f,베이스먼트,
"서울 강서구 공항대로 247 퀸즈파크나인 A동 401, 402호 (우)07803",,만화카페,,f283,https://place.map.kakao.com/2021829896#comment,0/5,f,벌툰 마곡발산점,매일 10:00 ~ 23:00
서울 종로구 성균관로6길 4 (우)03074,,커피전문점,,f285,https://place.map.kakao.com/11095596#comment,0/5,f,동우네커피집,
서울 강남구 선릉로161길 17 지하 1층 (우)06018,,테마카페,,f288,https://place.map.kakao.com/21552890#comment,0/5,f,놀이터,
서울 성동구 마조로 7 3층 (우)04760,,보드카페,,f29,https://place.map.kakao.com/1601727740#comment,0/5,f,윙보드게임카페,
서울 관악구 과천대로 947 4층 (우)08807,,보드카페,,f30,https://place.map.kakao.com/26596743#comment,0/5,f,스몰월드,매일 12:00 ~ 23:30
서울 동대문구 이문로 29 광진빌딩 3층 (우)02452,,보드카페,,f31,https://place.map.kakao.com/1488429874#comment,0/5,f,더다이스라떼,"화~금 13:00 ~ 23:00
더보기"
서울 양천구 신월로38길 12 (우)08087,,보드카페,,f310,https://place.map.kakao.com/1645005731#comment,0/5,f,달콤한상상,
서울 송파구 백제고분로45길 7 2층 202호 (우)05621,,보드카페,,f311,https://place.map.kakao.com/1593163003#comment,0/5,f,보드에바나나,"화~일 13:00 ~ 24:00
더보기"
서울 광진구 동일로20길 50 2층 (우)05072,,보드카페,,f312,https://place.map.kakao.com/749433927#comment,0/5,f,모두막 건대점,매일 11:00 ~ 23:00
서울 성동구 마조로1가길 13 지하 1층 (우)04760,,보드카페,,f313,https://place.map.kakao.com/864094100#comment,0/5,f,스몰월드 왕십리점,"월~금 13:00 ~ 23:30
더보기"
서울 서대문구 연세로7길 14 3층 (우)03788,,보드카페,,f314,https://place.map.kakao.com/18454124#comment,0/5,f,보드스쿨 신촌점,"월~금 11:30 ~ 23:30
더보기"
서울 관악구 조원로2길 51 (우)08768,,보드카페,,f32,https://place.map.kakao.com/27187491#comment,0/5,f,스테이보드게임카페,매일 16:00 ~ 02:00
서울 서초구 서초대로77길 9 누드존빌딩 602호 (우)06615,,보드카페,,f33,https://place.map.kakao.com/198290497#comment,0/5,f,보드스쿨 강남역점,"월~금 13:00 ~ 23:00
더보기"
서울 양천구 목동로25길 16 (우)07937,,보드카페,,f34,https://place.map.kakao.com/16907941#comment,0/5,f,큐브 목동본점,
서울 강남구 봉은사로2길 13 (우)06123,,보드카페,,f35,https://place.map.kakao.com/22550483#comment,0/5,f,보드게임카페오즈,
서울 송파구 송파대로 459 (우)05609,고전게임카페,보드카페,,f36,https://place.map.kakao.com/21539847#comment,0/5,f,고전게임카페,
서울 서대문구 연세로5가길 1 5층 (우)03789,,보드카페,,f37,https://place.map.kakao.com/1653896730#comment,0/5,f,데블다이스 신촌점,매일 12:00 ~ 00:00
서울 용산구 보광로59길 36 5층 (우)04391,이태원역 5분거리에 있는 보드게임 카페입니다.,보드카페,,f38,https://place.map.kakao.com/26773358#comment,0/5,f,하이힐,
서울 종로구 새문안로3길 23 경희궁의아침4단지 지하상가 107호 (우)03174,,보드카페,,f39,https://place.map.kakao.com/841664157#comment,0/5,f,보드게임101,"화~토 13:00 ~ 23:00
더보기"
서울 강남구 테헤란로1길 17 상우빌딩 3층 (우)06134,,보드카페,,f40,https://place.map.kakao.com/1506595559#comment,0/5,f,펀타임 강남점,
서울 강남구 선릉로86길 34 3층 (우)06197,,보드카페,,f41,https://place.map.kakao.com/1642290671#comment,0/5,f,펀보드게임카페,"월~금 15:00 ~ 06:00
더보기"
서울 관악구 신림로 323 3층 (우)08776,,보드카페,,f410,https://place.map.kakao.com/1578764944#comment,0/5,f,레드버튼 신림점,"월~목 13:00 ~ 01:00
더보기"
서울 종로구 대명길 24 5층 (우)03077,,보드카페,,f411,https://place.map.kakao.com/22538021#comment,0/5,f,펀타임 대학로,매일 12:00 ~ 24:00
서울 성북구 고려대로24길 36 3층 (우)02855,,보드카페,,f412,https://place.map.kakao.com/334610092#comment,0/5,f,보드게임카페 로직 안암점,
서울 송파구 올림픽로10길 9 (우)05557,,보드카페,,f413,https://place.map.kakao.com/27488015#comment,0/5,f,베가스 보드게임카페,
서울 영등포구 영등포로 242 (우)07303,,보드카페,,f414,https://place.map.kakao.com/27402262#comment,0/5,f,세라비보드카페,"매일 13:00 ~ 03:00 (연장가능)
더보기"
서울 중구 명동길 38 (우)04536,,보드카페,,f42,https://place.map.kakao.com/21443537#comment,0/5,f,모나코,
서울 종로구 대학로 143 3층 (우)03077,,보드카페,,f43,https://place.map.kakao.com/1459775602#comment,0/5,f,보드스쿨 대학로점,
서울 관악구 관악로 168 2층 (우)08788,,보드카페,,f45,https://place.map.kakao.com/1076168962#comment,0/5,f,스몰월드 서울대점,"월~금 13:00 ~ 23:30
더보기"
서울 노원구 상계로 64 화랑빌딩 3층 (우)01695,,보드카페,,f48,https://place.map.kakao.com/1285887478#comment,0/5,f,홈즈앤루팡 노원점,
서울 동작구 동작대로27가길 48 5층 (우)07008,,보드카페,,f49,https://place.map.kakao.com/661334779#comment,0/5,f,스몰월드 이수점,매일 12:00 ~ 23:30
서울 마포구 동교로17안길 10 (우)04002,,보드카페,,f60,https://place.map.kakao.com/177930490#comment,0/5,f,깔깔고블린,
서울 강남구 테헤란로33길 13 (우)06141,"오픈한지 얼마 안된 역삼에 보드카페 명소 아수라발발타입니다
어느 보드카페보다 많은 종류의 보드게임과 각종 맛있는 먹을거리를 즐기러 오세요",보드카페,,f610,https://place.map.kakao.com/17546078#comment,0/5,f,아수라발발타 역삼점,"매일 00:00 ~ 24:00
더보기"
서울 광진구 능동로 111 3층 (우)05017,,보드카페,,f611,https://place.map.kakao.com/12658183#comment,0/5,f,라임보드게임,
서울 동대문구 회기로21길 34 지하 1층 (우)02453,,보드카페,,f613,https://place.map.kakao.com/1858456588#comment,0/5,f,더벙커,
서울 강남구 테헤란로22길 13 예동빌딩 지하1층 (우)06236,,보드카페,,f614,https://place.map.kakao.com/1192249455#comment,0/5,f,썬보드카페,
서울 종로구 창경궁로29길 25 명륜빌딩 2층 202호 (우)03073,,보드카페,,f62,https://place.map.kakao.com/27286294#comment,0/5,f,레드다이스,매일 13:00 ~ 23:00
서울 중구 명동8길 37-14 (우)04536,,보드카페,,f63,https://place.map.kakao.com/398799102#comment,0/5,f,더룸보드카페,
서울 관악구 행운2길 17 지층 (우)08742,,보드카페,,f67,https://place.map.kakao.com/464833790#comment,0/5,f,미니보드,
서울 노원구 노해로85길 1 6층 (우)01695,,보드카페,,f68,https://place.map.kakao.com/274700806#comment,0/5,f,루시오 노원점,
서울 영등포구 여의대방로51길 13 지하1층 (우)07355,,보드카페,,f70,https://place.map.kakao.com/18662431#comment,0/5,f,보드카페아쿠아,연중무휴
서울 송파구 백제고분로41길 26 3층 (우)05622,,보드카페,,f710,https://place.map.kakao.com/740613824#comment,0/5,f,보드게임카페갬성,
서울 성북구 동소문로22길 30 3층 (우)02845,,보드카페,,f711,https://place.map.kakao.com/27440027#comment,0/5,f,플레이보드 성신여대점,
서울 강동구 천호대로157길 26 4층 (우)05335,보드게임 전문 카페,보드카페,,f712,https://place.map.kakao.com/7858123#comment,0/5,f,라퓨타,매일 13:00 ~ 23:59
서울 은평구 응암로 168 (우)03478,,보드카페,,f714,https://place.map.kakao.com/16442301#comment,0/5,f,보드게임카페클루,
서울 서대문구 명물길 6 (우)03777,,보드카페,,f73,https://place.map.kakao.com/15730796#comment,0/5,f,펀타임,
서울 관악구 신원로 38 지하1층 (우)08776,,보드카페,,f75,https://place.map.kakao.com/985613689#comment,0/5,f,보드아일랜드,매일 12:00 ~ 24:00
서울 강서구 마곡중앙6로 89 (우)07803,,보드카페,,f76,https://place.map.kakao.com/874543097#comment,0/5,f,비앤비 바&보드카페,매일 00:00 ~ 24:00
서울 동대문구 회기로 150 (우)02460,,보드카페,,f77,https://place.map.kakao.com/610526037#comment,0/5,f,미플보드게임,"매일 12:00 ~ 23:30
더보기"
서울 강남구 언주로172길 36 (우)06017,,보드카페,,f78,https://place.map.kakao.com/17284147#comment,0/5,f,AP보드카페,
서울 마포구 양화로6길 57 지하 1층 (우)04047,,보드카페,,f79,https://place.map.kakao.com/1539188192#comment,0/5,f,코티지가든,
서울 서초구 논현로17길 3 (우)06775,,보드카페,,f81,https://place.map.kakao.com/1474890310#comment,0/5,f,아수라발발타,
서울 광진구 광나루로17길 14-5 지하 1층 (우)05005,,보드카페,,f811,https://place.map.kakao.com/441104215#comment,0/5,f,매드포미니어쳐,
서울 강남구 선릉로155길 15 (우)06019,,보드카페,,f813,https://place.map.kakao.com/27243553#comment,0/5,f,MGM보드게임,
서울 마포구 동교로17안길 10 1층 (우)04002,RPG 보드게임 카페,보드카페,,f814,https://place.map.kakao.com/242934803#comment,0/5,f,카페깔깔고블린,"화~금 11:00 ~ 22:00
더보기"
서울 강남구 선릉로155길 13 (우)06019,,보드카페,,f89,https://place.map.kakao.com/11806453#comment,0/5,f,미라클,
"서울 강남구 강남대로102길 14 3, 4층 (우)06128",,보드카페,,f91,https://place.map.kakao.com/1963445342#comment,0/5,f,다빈치보드게임카페,
서울 동대문구 휘경로 5-1 7층 레이지클라우드 (우)02419,,보드카페,,f92,https://place.map.kakao.com/998616711#comment,0/5,f,레이지클라우드,매일 13:00 ~ 24:00
서울 성북구 동소문로20길 29-17 3층 (우)02845,보드게임카페,보드카페,,f97,https://place.map.kakao.com/26920410#comment,0/5,f,슈퍼보드,매일 13:00 ~ 23:00